7373,-3964,1059,-883,40,-8,0
212,-3787,93,-51,1994,-358,0
214,-3693,93,-120,779,-38,0
179,-4351,126,-258,793,-219,0
181,-4168,126,-274,456,-1038,0
181,-4168,126,-274,468,-246,0
207,-4298,1130,-327,38,-38,0
207,-4726,126,-327,1327,-38,0
196,-4526,126,-327,968,-38,0
211,-4616,126,-343,722,-38,0
203,-4753,650,-327,38,-38,0
206,-4360,126,-327,903,-38,0
205,-4356,1146,-327,38,-38,0
209,-4183,3828,-585,2424,-316,0
201,-3932,126,-327,1261,-38,0
204,-3932,126,-327,453,-38,0
179,-4351,126,-258,965,-405,0
203,-4525,531,-8393,434,-1448,0
201,-3921,126,-226,1158,-318,0
201,-3921,126,-226,918,-308,0
203,-4525,538,-4010,426,-1448,0
179,-4351,126,-258,758,-311,0
201,-3921,126,-226,2321,-318,0
312,-20,252,-20,387,-20,0
179,-4351,126,-258,758,-311,0
201,-3921,937,-53435,2339,-238,0
201,-3921,126,-226,985,-382,0
199,-4199,1206,-327,38,-38,0
195,-4199,511,-327,38,-38,0
182,-4168,126,-274,498,-242,0
199,-4632,118,-266,496,-1360,0
207,-4183,2487,-890,2564,-624,0
201,-3959,1117,-7527,1090,-692,0
205,-3932,592,-327,38,-38,0
201,-3959,2535,-549,2649,-379,0
517,-147,1982,-32651,1859,-660,0
292,-20,240,-20,274,-20,0
183,-4351,126,-258,556,-311,0
208,-4183,1476,-3476,1310,-839,0
517,-148,1425,-7228,1380,-1104,0
203,-4298,543,-327,38,-38,0
517,-148,1424,-1001,1380,-1098,0
1268,-5127,1268,-4411,1268,-1193,0
1262,-8716,1268,-7620,1268,-1448,0
1268,-29009,1268,-8555,1268,-1193,0
1317,-12587,1317,-13615,1318,-1448,0
1317,-13020,1318,-11294,1336,-1448,0
1317,-14267,1318,-11620,1316,-1448,0
1321,-3587,1345,-77626,1344,-1448,0
1318,-11213,1345,-89279,1344,-1448,0
1366,-129327,1316,-30911,1344,-1448,0
183,-3166,93,-274,328,-411,0
178,-3129,126,-258,822,-1039,0
183,-3166,93,-274,989,-172,0
517,-4525,126,-258,401,-1448,0
206,-4183,2339,-804,941,-350,0
517,-146,802,-69,38,-38,0
517,-146,537,-69,38,-38,0
508,-20,514,-20,614,-20,0
257,-5734,747,-120,38,-38,0
204,-6359,93,-120,519,-1448,0
208,-5671,214,-107,14111,-725,0
201,-3181,93,-274,925,-172,0
213,-5638,214,-107,693,-437,0
183,-3166,93,-274,8196,-172,0
504,-224,496,-15041,496,-1440,0
370,-3129,126,-258,742,-302,0
212,-3787,93,-51,2340,-358,0
517,-146,1630,-69,38,-38,0
517,-148,2419,-374,2424,-316,0
201,-2840,1070,-311,38,-1448,0
205,-3082,993,-327,30,-30,0
517,-146,622,-69,38,-561,0
204,-3082,1009,-311,3116,-38,0
206,-3082,947,-327,1380,-30,0
207,-3082,390,-327,30,-30,0
200,-3959,924,-10768,1259,-328,0
201,-2840,849,-311,30,-30,0
209,-3082,602,-357,30,-1448,0
200,-4357,1152,-794,944,-666,0
517,-4357,1127,-608,925,-485,0
517,-4357,1046,-685,844,-425,0
203,-4146,126,-258,532,-1428,0
191,-4146,126,-274,603,-275,0
202,-4146,126,-258,434,-448,0
517,-4146,126,-258,434,-448,0
230,-5230,126,-290,455,-1448,0
517,-4146,126,-258,1705,-424,0
517,-4146,126,-258,1933,-424,0
517,-4146,126,-258,1670,-425,0
517,-152,506,-284027,455,-1448,0
517,-152,506,-412783,455,-1448,0
209,-4146,126,-274,498,-1428,0
517,-152,506,-410176,455,-1448,0
97,-41,97,-41,97,-41,0
517,-152,506,-403136,455,-1448,0
517,-152,506,-374775,455,-1448,0
517,-152,506,-470166,455,-1448,0
517,-152,506,-265197,455,-1448,0
517,-4146,126,-274,498,-1428,0
230,-5230,126,-290,455,-1448,0
517,-4146,126,-258,532,-1428,0
517,-152,506,-455419,455,-1448,0
517,-152,506,-394546,455,-1448,0
517,-152,506,-374925,455,-1448,0
517,-4146,126,-274,498,-1428,0
517,-4146,126,-258,532,-1428,0
517,-152,506,-296533,455,-1448,0
517,-4146,126,-258,532,-1428,0
230,-5230,126,-290,680,-1448,0
517,-4146,126,-258,3944,-425,0
517,-4146,126,-258,1722,-425,0
79,-35,427,-10957,76,-1440,0
536,-94,536,-94,536,-94,0
199,-3082,1270,-594,30,-38,0
212,-3787,93,-51,6477,-360,0
178,-3129,126,-258,1030,-310,0
183,-3166,93,-274,328,-411,0
178,-3129,126,-258,807,-212,0
517,-3082,542,-357,30,-1448,0
183,-3166,93,-274,328,-411,0
183,-3166,93,-274,591,-172,0
182,-3100,93,-226,238,-1429,0
201,-3181,93,-274,328,-411,0
370,-3129,126,-258,807,-212,0
517,-4357,1042,-642,916,-384,0
517,-4357,4487,-610,916,-31,0
517,-4357,1042,-642,916,-384,0
536,-94,536,-94,536,-94,0
517,-146,1862,-69,38,-38,0
369,-3129,126,-258,1434,-295,0
201,-3181,93,-274,328,-411,0
370,-3129,126,-258,820,-217,0
517,-4357,1042,-642,916,-384,0
257,-5734,747,-120,38,-38,0
170,-4507,93,-51,744,-950,0
197,-4212,126,-51,1237,-385,0
517,-4298,1259,-327,38,-38,0
517,-4199,126,-327,1943,-38,0
208,-4192,126,-258,1565,-190,0
1286,-3084,1280,-4080,1280,-422,0
1280,-4284,1280,-4224,1280,-421,0
1280,-2096,1280,-6272,1280,-421,0
1280,-2762,1280,-3625,1280,-421,0
1280,-4330,1280,-3013,1280,-421,0
202,-4109,126,-327,657,-38,0
670,-20,751,-20,759,-20,0
517,-148,1494,-2170,2361,-316,0
212,-4183,118,-266,1567,-1360,0
201,-4183,118,-266,626,-485,0
517,-148,2622,-624,2683,-624,0
192,-5644,214,-107,17727,-85,0
517,-148,2603,-624,2778,-624,0
517,-147,944,-41471,1949,-650,0
517,-146,51,-69,1891,-38,0
192,-5644,214,-107,17343,-85,0
223,-5484,93,-51,2461,-427,0
212,-3787,93,-51,9810,-360,0
223,-5484,93,-51,2274,-54,0
223,-5484,93,-51,4431,-427,0
201,-3932,126,-327,884,-38,0
201,-3921,948,-804,832,-480,0
517,-147,2006,-650,1170,-1284,0
201,-3921,941,-807,827,-570,0
517,-147,1235,-813,1225,-825,0
517,-147,1296,-26251,1612,-833,0
517,-147,1673,-836,1643,-1141,0
517,-147,2047,-27642,1749,-678,0
517,-148,2412,-316,2369,-316,0
313,-20,350,-20,319,-20,0
702,-1348,724,-244589,748,-342,0
699,-5124,723,-77988,751,-344,0
703,-641,731,-27991,755,-342,0
344,-3466,340,-256,422,-371,0
181,-2890,126,-258,810,-628,0
536,-3466,510,-1041,574,-371,0
517,-148,2412,-316,2369,-316,0
275,-1186,275,-1186,275,-1186,0
180,-2890,126,-258,1026,-1448,0
180,-2890,126,-258,938,-1448,0
180,-2890,126,-258,953,-1448,0
178,-2890,126,-258,927,-401,0
180,-2890,126,-258,953,-1448,0
207,-2890,126,-258,311,-1190,0
372,-105,1043,-2771,1174,-383,0
199,-5714,126,-242,303,-708,0
372,-105,1209,-336,1121,-190,0
206,-4360,126,-327,1891,-38,0
372,-105,1073,-331,1036,-307,0
372,-105,1088,-2828,1174,-383,0
180,-6126,126,-242,150,-931,0
517,-148,2412,-316,2369,-316,0
517,-4298,1289,-365,347,-161,0
387,-3466,383,-256,447,-371,0
373,-105,906,-545,1318,-1072,0
208,-2890,126,-258,312,-333,0
517,-5714,126,-242,303,-708,0
517,-147,1369,-626,1318,-626,0
183,-3166,93,-274,6944,-172,0
517,-147,1313,-1368,1262,-1368,0
369,-3299,126,-258,1124,-267,0
387,-3466,383,-256,447,-371,0
517,-148,2412,-316,2369,-316,0
373,-105,955,-629,1367,-1068,0
373,-105,1030,-1663,1153,-909,0
180,-2890,126,-258,1636,-1448,0
180,-2890,126,-258,1628,-1448,0
180,-2890,126,-258,1631,-1448,0
180,-2890,126,-258,1620,-1448,0
180,-2890,126,-258,1623,-1448,0
180,-2890,126,-258,1618,-1448,0
936,-1227,1499,-9332,1023,-339,0
180,-2890,126,-258,1664,-1448,0
178,-2890,126,-258,1646,-1334,0
370,-2890,126,-258,1644,-1259,0
182,-3235,93,-274,481,-726,0
173,-3232,126,-258,448,-422,0
173,-3232,126,-258,475,-1448,0
173,-3232,126,-258,477,-1448,0
356,-20,404,-20,520,-20,0
279,-1161,279,-1161,279,-1161,0
1132,-16547,959,-3516,1038,-481,0
1667,-1327,1704,-301,1720,-278,0
517,-148,2412,-316,2369,-316,0
372,-105,1682,-3042,1610,-1448,0
279,-1161,279,-1161,279,-1161,0
372,-105,1707,-8396,1637,-1448,0
517,-146,51,-69,1891,-38,0
179,-2886,150,-266,1525,-581,0
4903,-1081,1739,-575,1030217,-273,0
292,-20,240,-20,274,-20,0
372,-105,1701,-32628,1680,-1448,0
3223,-608,1267,-621,1022,-1421,0
214,-3693,93,-120,1022,-274,0
202,-3975,1143,-488,753,-449,0
203,-3975,1303,-540,1165,-1440,0
517,-148,2412,-316,2369,-316,0
205,-3932,743,-327,38,-38,0
517,-147,999,-237,1326,-328,0
203,-3932,126,-327,1421,-38,0
203,-3932,554,-327,38,-38,0
202,-3928,702,-327,38,-38,0
517,-147,1140,-325,1108,-360,0
517,-147,915,-318,987,-318,0
206,-3932,719,-327,38,-38,0
517,-147,1291,-328,1305,-328,0
517,-147,1238,-375,1211,-1440,0
517,-147,915,-318,956,-318,0
517,-147,1183,-407,1119,-924,0
517,-147,985,-318,938,-318,0
202,-4149,1396,-327,38,-38,0
517,-147,985,-318,938,-318,0
517,-147,923,-41615,2024,-654,0
201,-3932,126,-327,878,-38,0
517,-147,859,-525,815,-548,0
201,-3932,126,-327,646,-38,0
517,-147,915,-318,956,-318,0
502,-6363,983,-395,38,-1448,0
204,-3932,126,-327,450,-38,0
517,-147,918,-438,776,-699,0
517,-147,1350,-31221,1549,-822,0
245,-5541,214,-107,1498,-309,0
502,-6363,180,-395,38,-38,0
201,-3921,126,-226,945,-386,0
204,-3244,126,-258,943,-1440,0
517,-147,1741,-41556,1541,-678,0
197,-4212,126,-51,1237,-385,0
196,-3290,93,-242,458,-1429,0
588,-20,755,-20,1058,-20,0
200,-3290,93,-242,469,-1429,0
205,-3220,1343,-311,38,-38,0
200,-3290,93,-242,427,-1429,0
200,-3290,93,-242,481,-1429,0
200,-3290,93,-242,467,-1429,0
252,-5484,93,-51,6207,-427,0
200,-3290,93,-242,481,-1429,0
200,-3290,93,-242,467,-1429,0
200,-3290,93,-242,481,-1429,0
200,-3290,93,-242,467,-1429,0
200,-3290,93,-242,467,-1429,0
200,-3290,93,-242,481,-1429,0
200,-3290,93,-242,467,-1429,0
200,-3290,93,-242,481,-1429,0
517,-156,485,-2468,529,-1429,0
517,-156,518,-43671,481,-1429,0
204,-3284,615,-311,38,-38,0
199,-3244,126,-258,480,-1448,0
204,-3259,903,-684,784,-637,0
199,-3244,126,-258,480,-1448,0
199,-3259,606,-2078,480,-1448,0
199,-3259,606,-2078,488,-1448,0
517,-3244,126,-258,835,-1440,0
204,-3259,874,-1079,902,-595,0
203,-3244,126,-258,1071,-568,0
203,-3244,126,-258,1078,-568,0
203,-3259,2107,-826,1067,-568,0
203,-3259,1197,-826,1067,-568,0
203,-3259,1197,-826,1081,-568,0
205,-3073,126,-274,456,-1440,0
209,-3073,126,-274,768,-693,0
197,-3023,93,-186,890,-158,0
203,-3259,126,-258,1059,-687,0
200,-3284,93,-311,519,-38,0
517,-152,1114,-687,1074,-568,0
517,-152,1122,-687,1066,-687,0
517,-3244,126,-258,1070,-687,0
517,-3244,126,-258,1081,-568,0
517,-148,2412,-316,2369,-316,0
517,-152,539,-2564,477,-731,0
209,-3259,126,-274,806,-1153,0
517,-156,583,-20688,445,-1429,0
517,-152,826,-518,763,-792,0
1068,-20,659,-20,873,-20,0
203,-2792,696,-881,812,-1440,0
206,-2753,93,-311,394,-38,0
202,-2753,690,-349,38,-1429,0
517,-3259,881,-891,1054,-751,0
517,-137,946,-158,84,-74,0
517,-148,2412,-316,2369,-316,0
517,-3244,126,-258,1002,-1440,0
517,-3244,126,-258,480,-1448,0
517,-3244,126,-258,480,-1448,0
207,-4703,126,-258,921,-739,0
517,-152,531,-1820,480,-1448,0
207,-4703,126,-258,989,-729,0
517,-152,531,-1820,480,-1448,0
517,-3259,126,-258,1219,-568,0
517,-152,941,-806,1033,-351,0
517,-152,1032,-1076,1089,-606,0
517,-137,1271,-568,2187,-568,0
517,-152,977,-588,960,-325,0
517,-3259,126,-258,1265,-568,0
517,-3259,126,-258,1265,-568,0
350,-788,354,-788,350,-788,0
517,-137,1128,-158,235,-74,0
517,-3259,126,-258,1261,-568,0
517,-3259,126,-258,2779,-568,0
207,-3244,126,-258,1176,-1448,0
517,-137,961,-735,910,-717,0
208,-3244,126,-258,1005,-598,0
208,-3244,126,-258,926,-665,0
517,-3073,126,-274,456,-1440,0
517,-3259,606,-2078,477,-731,0
517,-3259,606,-2078,477,-731,0
209,-4725,126,-274,1233,-1042,0
517,-156,532,-77881,657,-980,0
517,-3073,126,-274,1097,-720,0
207,-4703,126,-258,1181,-732,0
517,-3244,126,-258,1100,-533,0
517,-3244,126,-258,1118,-668,0
517,-137,1164,-742,1178,-732,0
517,-137,528,-731,488,-1448,0
517,-152,1154,-978,1077,-824,0
517,-3023,93,-186,1080,-158,0
707,-20,708,-20,761,-20,0
202,-4155,126,-327,1343,-38,0
205,-3590,855,-390,38,-38,0
201,-3589,570,-390,38,-1460,0
202,-6582,1348,-726,1316,-1448,0
517,-146,1013,-69,38,-38,0
202,-2565,748,-677,38,-1460,0
205,-2954,735,-390,38,-1460,0
517,-148,2412,-316,2369,-316,0
3246,-909,776,-3355,814,-231,0
753,-20,756,-20,728,-20,0
201,-4294,469,-365,38,-1460,0
202,-4713,93,-311,464,-38,0
209,-3726,529,-327,38,-38,0
786,-3355,824,-231,888,-371,0
212,-3787,93,-51,2178,-358,0
370,-2231,370,-2701,389,-1460,0
517,-148,2412,-316,2369,-316,0
371,-3413,387,-2227,388,-1460,0
212,-3787,93,-51,7681,-360,0
370,-1754,399,-103484,453,-1436,0
344,-13889,462,-108680,417,-1436,0
370,-10164,385,-268010,418,-1436,0
183,-3166,93,-274,558,-172,0
212,-3787,93,-51,2262,-358,0
517,-150,685,-69,38,-38,0
183,-3166,93,-274,321,-411,0
517,-3244,126,-258,1234,-1448,0
517,-148,2412,-316,2369,-316,0
517,-150,2240,-69,38,-38,0
517,-156,624,-189927,472,-1429,0
517,-156,586,-30919,545,-1429,0
517,-156,591,-39798,544,-1429,0
517,-3259,1148,-1237,1037,-1289,0
208,-3259,1201,-1156,1062,-665,0
517,-3259,1278,-859,1034,-665,0
517,-152,1136,-1135,1050,-343,0
517,-156,558,-9471,599,-886,0
208,-3259,1194,-983,984,-598,0
517,-152,1076,-631,993,-607,0
517,-4718,1155,-997,1097,-729,0
517,-3073,126,-274,1013,-717,0
517,-3259,1170,-3660,1027,-984,0
176,-4347,126,-242,1036,-658,0
517,-146,1408,-69,38,-38,0
517,-148,908,-2114,1305,-316,0
517,-4298,783,-327,38,-38,0
570,-2922,428,-4079,419,-1448,0
517,-4348,126,-327,480,-38,0
415,-1239,409,-1456,451,-1448,0
517,-147,878,-9567,1469,-328,0
206,-4923,754,-327,38,-38,0
517,-148,1348,-316,1305,-316,0
200,-3663,1706,-425,1745,-167,0
205,-2956,1033,-327,38,-38,0
201,-3991,939,-327,38,-38,0
200,-3554,2168,-336,38,-1303,0
202,-3554,812,-336,38,-1429,0
197,-3554,93,-258,421,-78,0
203,-3990,93,-327,712,-38,0
202,-2941,126,-327,1222,-38,0
201,-2941,126,-327,648,-38,0
206,-5853,821,-327,38,-38,0
201,-2941,126,-327,649,-38,0
206,-5853,867,-327,38,-38,0
204,-12706,126,-327,764,-38,0
201,-3470,721,-327,38,-38,0
202,-5854,836,-327,38,-38,0
207,-4476,695,-327,38,-38,0
204,-5853,925,-327,38,-38,0
178,-3129,126,-258,822,-1039,0
183,-3166,93,-274,4920,-172,0
183,-3166,93,-274,4329,-172,0
517,-146,51,-69,692,-38,0
228,-20,252,-20,228,-20,0
176,-4347,126,-242,630,-367,0
212,-3787,93,-51,2262,-358,0
212,-3787,93,-51,4387,-358,0
220,-6491,93,-120,1046,-38,0
176,-4347,126,-242,1036,-659,0
370,-3129,126,-258,380,-364,0
517,-146,1408,-69,38,-38,0
204,-6359,93,-120,481,-38,0
214,-5734,93,-120,537,-1448,0
200,-6801,2606,-120,38,-38,0
200,-6801,180,-120,38,-38,0
197,-6088,214,-107,7514,-536,0
209,-6801,1752,-120,38,-38,0
212,-3787,93,-51,2100,-357,0
185,-5659,100,-51,4421,-1448,0
220,-6491,93,-120,1022,-38,0
201,-6801,180,-120,2195,-38,0
209,-6801,180,-120,2350,-38,0
200,-6801,93,-120,2607,-38,0
206,-6801,93,-120,2559,-38,0
209,-6801,93,-120,1991,-38,0
201,-6801,93,-120,1669,-38,0
201,-6801,93,-120,2026,-38,0
517,-146,1408,-69,38,-80,0
517,-4525,126,-258,385,-1448,0
180,-6126,126,-242,150,-931,0
176,-4347,126,-242,628,-367,0
183,-3166,93,-274,1752,-172,0
183,-3166,93,-274,328,-411,0
182,-3100,93,-258,238,-1429,0
183,-3166,93,-274,328,-411,0
178,-3129,126,-258,807,-214,0
178,-3129,126,-258,1030,-310,0
183,-3166,93,-274,328,-411,0
176,-4347,126,-242,933,-281,0
201,-3181,93,-274,567,-172,0
517,-3938,126,-258,481,-766,0
517,-4298,744,-327,38,-38,0
517,-3938,126,-258,507,-1340,0
517,-147,1062,-208,965,-208,0
517,-147,966,-237,1191,-328,0
517,-147,1113,-20884,1095,-266,0
517,-148,1348,-316,1305,-316,0
517,-3938,126,-258,931,-1340,0
517,-3938,126,-258,931,-1340,0
517,-3938,126,-258,931,-1340,0
517,-3938,126,-258,931,-1340,0
517,-3938,126,-258,931,-1340,0
517,-3938,126,-258,938,-1340,0
517,-3938,126,-258,938,-1340,0
517,-3938,126,-258,938,-1340,0
517,-3938,126,-258,938,-1340,0
517,-3938,126,-258,931,-1340,0
517,-3938,126,-258,938,-1340,0
517,-3938,126,-258,938,-1340,0
517,-3938,126,-258,938,-1340,0
370,-3129,126,-258,807,-214,0
517,-147,1086,-328,915,-237,0
517,-147,1038,-318,988,-318,0
517,-152,608,-440,557,-440,0
517,-148,1348,-316,1305,-316,0
517,-147,1243,-328,1192,-328,0
517,-147,1092,-5272,1041,-1440,0
517,-147,1087,-328,915,-237,0
474,-417,474,-417,474,-419,0
176,-4347,126,-242,1036,-659,0
517,-146,1408,-69,38,-38,0
176,-4347,126,-242,1177,-271,0
176,-4347,126,-242,843,-460,0
176,-4347,126,-242,1281,-400,0
176,-4347,126,-242,903,-1440,0
176,-4347,126,-242,846,-902,0
176,-4347,126,-242,858,-1185,0
176,-3690,126,-242,540,-1448,0
176,-4347,126,-242,1341,-806,0
214,-3693,93,-120,772,-38,0
212,-3787,93,-51,6389,-359,0
212,-3787,93,-51,2211,-357,0
197,-6088,214,-107,5402,-536,0
185,-9180,214,-107,1493,-917,0
197,-6088,214,-107,7482,-536,0
216,-9180,214,-107,1797,-597,0
209,-5625,93,-51,6246,-1448,0
209,-5625,93,-51,6186,-1448,0
232,-5655,126,-290,220,-224,0
215,-5565,214,-107,501,-581,0
213,-5638,214,-107,693,-1448,0
186,-6350,93,-51,560,-481,0
215,-6491,93,-120,299,-38,0
220,-6491,93,-120,1046,-38,0
217,-3851,126,-274,327,-958,0
196,-5725,93,-51,657,-1448,0
217,-3851,126,-274,536,-660,0
217,-3851,126,-274,536,-654,0
219,-3851,126,-274,526,-410,0
219,-3851,126,-274,526,-411,0
217,-3851,126,-274,542,-263,0
190,-5671,214,-107,17860,-725,0
370,-3129,126,-258,742,-304,0
195,-5638,214,-107,693,-1448,0
183,-3166,93,-274,1368,-172,0
369,-3129,126,-258,1434,-295,0
201,-3181,93,-274,567,-172,0
370,-3129,126,-258,820,-217,0
517,-146,1408,-69,38,-38,0
176,-4347,126,-242,1177,-281,0
176,-4347,126,-242,843,-460,0
176,-4347,126,-242,1281,-400,0
201,-3181,93,-274,563,-172,0
176,-4347,126,-242,846,-901,0
517,-4525,126,-258,385,-1448,0
176,-4347,126,-242,903,-1440,0
201,-3796,93,-120,3908,-38,0
228,-465,338,-3259,344,-1258,0
376,-691,372,-4466,519,-1448,0
348,-950,417,-2085,514,-1441,0
386,-711,382,-1674,519,-1448,0
519,-8891,484,-6529,472,-1448,0
409,-1522,519,-6691,489,-1448,0
490,-38821,508,-15614,487,-1448,0
486,-10426,506,-1023,502,-1060,0
584,-10255,765,-256,632,-1440,0
519,-5246,496,-12548,505,-1448,0
476,-10426,503,-11729,509,-1448,0
174,-3922,126,-170,834,-854,0
180,-3923,126,-258,326,-1081,0
614,-10100,773,-256,873,-256,0
180,-3923,126,-258,326,-1340,0
176,-3923,126,-258,573,-1340,0
177,-3922,126,-170,902,-439,0
198,-3376,526,-327,38,-38,0
517,-4541,754,-327,38,-38,0
358,-313,359,-295,359,-308,0
517,-146,857,-69,38,-38,0
204,-3554,486,-336,38,-1429,0
1007,-256,1021,-256,984,-256,0
517,-2941,671,-606,1100,-126,0
201,-3375,1179,-365,38,-1087,0
517,-3554,774,-1765,38,-1415,0
208,-5671,214,-107,14271,-725,0
204,-3554,532,-6071,38,-1448,0
985,-256,995,-256,978,-256,0
619,-10255,761,-256,852,-1429,0
517,-2941,1049,-680,781,-126,0
176,-4347,126,-242,628,-367,0
978,-256,990,-256,985,-256,0
984,-256,996,-256,977,-256,0
182,-3100,93,-258,249,-692,0
183,-3166,93,-274,328,-411,0
178,-3129,126,-258,1599,-267,0
201,-3181,93,-274,580,-172,0
517,-3989,985,-327,38,-38,0
517,-2941,126,-327,1267,-38,0
517,-146,801,-69,38,-38,0
517,-3990,769,-327,38,-38,0
517,-146,694,-69,38,-38,0
517,-3554,93,-258,879,-78,0
517,-146,51,-69,802,-38,0
517,-146,51,-69,631,-38,0
517,-148,1348,-316,1305,-316,0
206,-3991,93,-327,590,-38,0
176,-4347,126,-242,843,-460,0
176,-4347,126,-242,900,-697,0
176,-4347,126,-242,1341,-809,0
176,-4347,126,-242,846,-901,0
176,-4347,126,-242,903,-1440,0
176,-3690,126,-242,540,-1448,0
176,-4347,126,-242,1177,-271,0
176,-4347,126,-242,1281,-400,0
517,-3554,620,-336,38,-1429,0
176,-4347,126,-242,1036,-658,0
517,-146,870,-107,38,-467,0
517,-146,144,-69,1302,-38,0
220,-6491,93,-120,1022,-38,0
176,-4347,126,-242,1177,-281,0
176,-4347,126,-242,843,-460,0
176,-4347,126,-242,1281,-390,0
176,-4347,126,-242,903,-1440,0
176,-4347,126,-242,846,-910,0
176,-4347,126,-242,905,-695,0
176,-4347,126,-242,1341,-806,0
176,-3690,126,-242,540,-1448,0
517,-146,646,-427,282,-206,0
212,-3787,93,-51,2280,-357,0
212,-3787,93,-51,2714,-358,0
178,-3129,126,-258,822,-1039,0
183,-3166,93,-274,989,-172,0
183,-3166,93,-274,4385,-172,0
517,-146,705,-69,38,-51,0
176,-4347,126,-242,843,-460,0
176,-4347,126,-242,1177,-281,0
176,-4347,126,-242,1281,-400,0
176,-3690,126,-242,540,-1448,0
176,-4347,126,-242,903,-1440,0
176,-4347,126,-242,1341,-807,0
176,-4347,126,-242,846,-901,0
176,-4347,126,-242,896,-236,0
517,-146,928,-69,38,-38,0
517,-146,980,-69,38,-38,0
176,-4347,126,-242,921,-281,0
205,-4356,715,-327,38,-38,0
176,-4347,126,-242,933,-281,0
196,-4526,581,-327,38,-38,0
209,-4356,1000,-343,38,-38,0
517,-146,578,-69,38,-38,0
176,-4347,126,-242,628,-367,0
206,-4410,118,-266,2227,-350,0
176,-4347,126,-242,933,-281,0
176,-4347,126,-242,921,-281,0
214,-3693,93,-120,803,-38,0
212,-3787,93,-51,2267,-358,0
183,-4742,191,-258,1359,-1440,0
179,-4583,191,-258,1138,-1440,0
177,-5749,191,-258,1001,-312,0
178,-4364,191,-258,847,-490,0
517,-162,961,-490,604,-502,0
176,-4346,191,-258,787,-312,0
179,-5754,191,-258,799,-453,0
179,-5754,191,-258,558,-1448,0
174,-3296,191,-258,1099,-426,0
179,-5754,191,-258,565,-1448,0
178,-4364,191,-258,573,-1448,0
517,-162,764,-490,648,-490,0
176,-4357,191,-258,755,-182,0
172,-4152,191,-258,1058,-489,0
179,-5754,756,-261231,573,-1448,0
176,-5749,799,-572,604,-1448,0
179,-5754,756,-127964,573,-1448,0
176,-5749,771,-572,604,-1448,0
179,-5754,756,-210432,573,-1448,0
179,-5754,756,-130306,573,-1448,0
517,-162,738,-492,573,-1448,0
517,-162,686,-12503,570,-1448,0
382,-14069,382,-4299,380,-577,0
382,-4677,382,-2981,382,-577,0
517,-162,689,-52110,573,-1448,0
179,-4153,1483,-429,1082,-137,0
175,-4484,427,-282,757,-933,0
173,-5754,191,-258,570,-1448,0
174,-4298,1407,-502,782,-514,0
178,-3421,150,-266,645,-277,0
174,-4381,1474,-620,1480,-328,0
176,-4347,126,-242,905,-697,0
176,-4347,126,-242,843,-460,0
176,-4347,126,-242,1341,-810,0
176,-4347,126,-242,903,-1440,0
176,-4347,126,-242,846,-909,0
176,-3690,126,-242,540,-1448,0
176,-4347,126,-242,1177,-281,0
176,-4347,126,-242,1281,-390,0
212,-3787,93,-51,4935,-360,0
517,-146,869,-69,38,-38,0
176,-4347,126,-242,1036,-659,0
370,-3129,126,-258,380,-364,0
206,-4360,1457,-327,38,-38,0
220,-6491,93,-120,1045,-38,0
335,-20,228,-20,228,-20,0
207,-4298,665,-327,38,-38,0
202,-4155,687,-327,38,-38,0
209,-4410,2912,-584,1216,-316,0
203,-4525,531,-7851,418,-1381,0
203,-4525,538,-2796,419,-946,0
179,-4351,126,-258,967,-405,0
206,-5809,318,-258,460,-1440,0
206,-5809,318,-258,423,-1440,0
206,-5809,318,-258,425,-1440,0
206,-5809,318,-258,428,-1440,0
179,-4351,126,-258,793,-219,0
206,-5809,318,-258,476,-1440,0
200,-3663,1387,-425,1305,-167,0
206,-5809,318,-258,460,-1440,0
207,-4404,118,-327,380,-30,0
206,-4360,3125,-327,38,-38,0
201,-3181,93,-274,328,-411,0
179,-4351,126,-258,758,-311,0
217,-20,237,-20,217,-20,0
199,-4199,618,-327,38,-38,0
271,-20,387,-20,393,-20,0
179,-4351,126,-258,758,-311,0
178,-3129,126,-258,545,-634,0
182,-4132,93,-274,516,-1440,0
200,-3663,93,-258,1552,-167,0
201,-3921,126,-226,826,-1440,0
201,-3921,126,-226,913,-308,0
201,-3937,126,-170,4040,-379,0
201,-3938,1052,-6965,865,-422,0
201,-3938,1051,-7330,865,-422,0
204,-3938,661,-694,557,-420,0
201,-3938,126,-258,865,-421,0
517,-147,1329,-805,1280,-806,0
517,-147,1503,-68246,1069,-432,0
201,-3938,126,-258,1041,-1340,0
201,-3921,126,-226,1082,-386,0
201,-3938,126,-258,1059,-1340,0
517,-147,1126,-1524,1616,-666,0
201,-3938,126,-258,1072,-1340,0
201,-3938,126,-258,1041,-1340,0
208,-20,825,-20,364,-20,0
292,-20,240,-20,274,-20,0
201,-3938,126,-258,1040,-1340,0
204,-3938,126,-258,676,-1340,0
201,-3938,126,-258,1040,-1340,0
201,-3938,126,-258,1041,-1340,0
201,-3938,126,-258,1041,-1340,0
201,-3938,126,-258,1040,-1340,0
201,-3938,126,-258,1040,-1340,0
204,-4584,126,-258,908,-1440,0
204,-3284,438,-327,38,-38,0
200,-3284,589,-327,38,-38,0
177,-4682,126,-242,298,-495,0
200,-3284,1178,-365,148,-1429,0
196,-3284,547,-327,38,-1440,0
205,-4560,901,-327,38,-519,0
183,-4351,126,-258,556,-311,0
189,-5479,126,-51,387,-286,0
517,-4584,126,-258,816,-1440,0
204,-4584,126,-258,804,-558,0
200,-4584,126,-258,460,-788,0
204,-4584,126,-258,797,-870,0
517,-137,816,-439,801,-1440,0
204,-4584,126,-258,768,-721,0
517,-137,910,-990,740,-532,0
205,-4710,126,-274,457,-1404,0
204,-4584,126,-258,440,-650,0
204,-4584,126,-258,797,-877,0
208,-4584,126,-258,804,-667,0
197,-2776,93,-186,909,-158,0
199,-4584,126,-258,480,-1404,0
204,-4584,126,-258,441,-922,0
199,-4584,126,-258,480,-1404,0
207,-4718,925,-998,868,-731,0
209,-4710,126,-274,788,-717,0
199,-4584,126,-258,480,-1404,0
199,-4584,126,-258,480,-1404,0
203,-4584,126,-258,2020,-568,0
203,-4584,126,-258,1158,-568,0
203,-4584,126,-258,1157,-568,0
203,-4584,126,-258,1158,-568,0
203,-4584,126,-258,1935,-568,0
203,-4584,126,-258,1168,-568,0
207,-4584,126,-258,986,-1404,0
517,-4584,126,-258,477,-731,0
200,-3284,93,-327,520,-38,0
203,-4584,126,-258,2268,-687,0
199,-4584,126,-258,488,-1404,0
199,-4584,126,-258,488,-1404,0
203,-4584,126,-258,1150,-687,0
517,-4584,126,-258,1927,-687,0
517,-4584,126,-258,1150,-687,0
517,-137,1017,-870,940,-722,0
517,-4710,126,-274,960,-720,0
517,-4584,126,-258,965,-1216,0
517,-152,1027,-743,993,-709,0
205,-4710,126,-274,610,-1048,0
517,-4584,126,-258,981,-670,0
209,-4710,126,-274,1234,-1404,0
517,-4584,126,-258,1157,-687,0
359,-20,519,-20,365,-20,0
517,-4584,126,-258,1039,-1440,0
299,-20,338,-20,337,-20,0
212,-3162,126,-274,741,-1440,0
517,-4584,126,-258,488,-1404,0
207,-3907,93,-120,380,-38,0
369,-64,369,-64,185,-64,0
207,-3907,93,-120,380,-38,0
204,-6359,93,-120,481,-38,0
204,-6359,93,-120,481,-38,0
196,-3684,93,-51,396,-141,0
517,-4584,126,-258,914,-715,0
196,-3684,93,-51,396,-141,0
517,-4584,126,-258,943,-1216,0
188,-4112,93,-274,194,-852,0
517,-4710,126,-274,934,-717,0
212,-3787,93,-51,2816,-358,0
517,-152,1001,-740,967,-706,0
213,-5638,214,-107,693,-1440,0
179,-3001,342,-75,5834,-741,0
222,-6983,126,-274,572,-1440,0
229,-6088,214,-107,5450,-536,0
222,-6983,126,-274,576,-1440,0
229,-6088,214,-107,7418,-536,0
222,-6983,126,-274,580,-1440,0
222,-6983,126,-274,577,-1440,0
216,-6987,126,-274,565,-344,0
188,-4112,93,-274,190,-325,0
212,-3787,93,-51,2370,-358,0
214,-3693,93,-120,1314,-38,0
517,-4584,126,-258,924,-1404,0
517,-4584,126,-258,500,-1385,0
212,-3786,93,-51,87,-69,0
517,-4584,126,-258,898,-1404,0
197,-2809,126,-186,1002,-157,0
517,-4584,126,-258,508,-750,0
517,-4710,126,-274,916,-1404,0
517,-137,1000,-604,965,-316,0
517,-137,1007,-1684,960,-332,0
517,-4584,126,-258,480,-1404,0
517,-4584,126,-258,480,-1404,0
517,-4584,126,-258,477,-731,0
517,-137,531,-1820,477,-731,0
517,-4584,126,-258,1245,-568,0
517,-137,2146,-568,2351,-568,0
517,-4584,126,-258,2087,-687,0
517,-137,1296,-568,2094,-687,0
517,-4584,126,-258,957,-549,0
212,-3787,93,-51,3397,-358,0
223,-3734,93,-120,2023,-38,0
213,-5638,214,-107,693,-437,0
212,-3787,93,-51,3710,-359,0
215,-5565,214,-107,501,-581,0
212,-3786,93,-120,5557,-38,0
365,-20,219,-20,456,-20,0
517,-4584,126,-258,991,-1258,0
186,-6350,93,-51,560,-1440,0
215,-6491,93,-120,297,-38,0
200,-4273,678,-232673,560,-1440,0
212,-3787,93,-51,3177,-356,0
217,-3851,126,-274,326,-958,0
214,-3693,93,-120,547,-38,0
217,-3851,126,-274,542,-263,0
127,-3661,134,-250,218,-309,0
214,-3693,93,-120,391,-38,0
217,-3851,126,-274,536,-671,0
212,-3787,93,-51,2464,-359,0
212,-3786,93,-120,8720,-38,0
207,-3787,182,-224,14943,-85,0
196,-5725,93,-51,657,-1440,0
517,-4584,126,-258,1182,-523,0
212,-3787,93,-51,3098,-359,0
425,-1180,437,-683540,437,-1195,0
190,-5671,214,-107,26201,-725,0
249,-7841,249,-7860,249,-1440,0
127,-3661,134,-250,170,-309,0
517,-4584,126,-258,1182,-523,0
176,-3371,126,-242,899,-54,0
176,-3371,126,-242,975,-54,0
174,-3371,126,-242,296,-1440,0
195,-5638,214,-107,693,-1440,0
223,-3734,93,-120,1590,-38,0
218,-5627,126,-274,319,-400,0
517,-4584,126,-258,1182,-523,0
217,-3851,126,-274,568,-263,0
212,-3787,93,-51,3702,-358,0
178,-3129,126,-258,807,-214,0
212,-3787,93,-51,3756,-359,0
212,-3787,93,-51,3279,-359,0
183,-3166,93,-274,328,-411,0
183,-3166,93,-274,1350,-172,0
517,-4584,126,-258,984,-610,0
333,-1049225,325,-66175,330,-644,0
517,-4584,126,-258,1182,-523,0
333,-1049227,331,-66183,331,-647,0
517,-4584,126,-258,1182,-523,0
214,-3693,93,-120,321,-38,0
517,-4584,126,-258,1182,-523,0
212,-3787,93,-51,2097,-359,0
220,-6491,93,-120,1023,-38,0
200,-3663,1509,-425,1565,-167,0
201,-3921,1338,-509,954,-1440,0
207,-4298,712,-327,38,-38,0
204,-3938,126,-258,474,-1340,0
204,-3938,126,-258,479,-1340,0
204,-3938,126,-258,476,-1340,0
204,-3938,126,-258,474,-1340,0
201,-3921,126,-226,968,-309,0
204,-3938,126,-258,492,-1340,0
517,-147,1035,-8306,2337,-238,0
204,-3938,126,-258,498,-1340,0
204,-3938,126,-258,496,-1340,0
201,-3938,126,-258,981,-1340,0
201,-3959,2513,-549,4588,-379,0
201,-3938,126,-258,982,-1340,0
201,-3938,126,-258,982,-1340,0
201,-3938,126,-258,978,-1340,0
201,-3938,126,-258,982,-1340,0
201,-3921,126,-226,976,-622,0
201,-3938,126,-258,982,-1340,0
517,-147,1383,-800,1342,-1274,0
201,-3938,126,-258,982,-1340,0
201,-3938,126,-258,982,-1340,0
201,-3938,126,-258,982,-1340,0
201,-3938,126,-258,919,-422,0
201,-3938,126,-258,920,-1340,0
517,-147,1801,-802,1750,-805,0
209,-4410,1726,-582,1608,-316,0
517,-147,2072,-33975,1057,-874,0
517,-152,1230,-839,1179,-1340,0
517,-152,1230,-2269,1179,-1340,0
517,-152,1230,-2319,1180,-1340,0
517,-152,1266,-4784,1179,-1340,0
517,-152,1231,-2329,1180,-1340,0
517,-152,1231,-2314,1180,-1340,0
517,-152,1230,-2310,1180,-1340,0
517,-148,1651,-316,1608,-316,0
202,-3959,1161,-23458,859,-892,0
517,-152,1231,-2602,1180,-1340,0
517,-152,1282,-22172,1199,-1129,0
205,-3938,593,-10516,453,-1340,0
517,-152,1230,-2942,1213,-1340,0
205,-3938,591,-1788,443,-1105,0
517,-152,1231,-2323,1180,-1340,0
205,-3938,621,-11212,485,-1340,0
517,-152,543,-6859,599,-1340,0
517,-152,625,-6238,577,-1340,0
517,-152,652,-4390,595,-1340,0
205,-3938,619,-7405,595,-1340,0
517,-152,612,-1429,597,-1340,0
517,-152,634,-10791,597,-1340,0
906,-9587,910,-107615,907,-1340,0
517,-147,948,-3384,974,-248,0
517,-147,947,-3206,967,-1440,0
517,-147,956,-3758,967,-1440,0
203,-3938,1067,-44510,941,-1340,0
201,-3938,1062,-9131,938,-1340,0
517,-147,948,-4202,962,-1440,0
517,-147,948,-3298,965,-1440,0
906,-59606,907,-132185,907,-1340,0
201,-3938,1064,-9042,937,-1340,0
907,-9869,910,-30692,908,-1340,0
201,-3938,1064,-10244,936,-1340,0
517,-152,989,-9576,938,-1340,0
517,-152,988,-12954,937,-1340,0
208,-3273,126,-258,961,-270,0
200,-3959,998,-9970,1397,-328,0
908,-26035,906,-36475,906,-1340,0
909,-41131,906,-278999,908,-1340,0
907,-110619,906,-37673,907,-1340,0
208,-3273,126,-258,1177,-845,0
204,-3938,541,-2878,413,-1340,0
205,-3319,126,-258,517,-858,0
205,-3319,126,-258,515,-796,0
205,-3319,126,-258,503,-444,0
517,-147,2278,-55247,2299,-1440,0
517,-152,1350,-7282,1263,-1340,0
517,-152,1315,-5950,1264,-1340,0
204,-3938,1089,-7957,963,-1340,0
517,-148,1651,-316,1608,-316,0
517,-147,2384,-666,1616,-665,0
517,-152,1347,-3932,1263,-1340,0
517,-152,1366,-6118,1264,-1340,0
517,-152,1315,-1481,1314,-1340,0
448,-10116,428,-100925,430,-1340,0
449,-15141,436,-31438,483,-1000,0
882,-7446,882,-7147,881,-1340,0
1086,-30869,1018,-463,1057,-1440,0
455,-29183,435,-96298,497,-523,0
448,-41145,479,-536,502,-555,0
838,-2601,840,-393,845,-1448,0
933,-1522,987,-4671,860,-1440,0
938,-269,1264,-269,1681,-269,0
620,-14330,600,-3188,595,-1448,0
908,-402,1070,-1945,1235,-728,0
201,-3554,93,-258,1012,-78,0
199,-3157,524,-327,38,-1401,0
597,-21517,576,-7089,705,-1448,0
200,-3554,745,-336,38,-1429,0
639,-319,763,-319,755,-319,0
888,-694,976,-10624,1089,-1448,0
204,-2905,495,-327,38,-38,0
440,-43616,440,-23332,440,-1448,0
440,-16331,440,-24811,440,-1448,0
440,-22097,440,-39807,440,-1448,0
1027,-606,1331,-2613,1368,-265,0
440,-25083,440,-12959,440,-1448,0
200,-2905,93,-327,438,-38,0
761,-319,684,-319,703,-319,0
746,-319,763,-319,704,-319,0
565,-53940,436,-1638,441,-1448,0
440,-44964,440,-23155,440,-1448,0
436,-24732,445,-2065,436,-1448,0
436,-8361,453,-5765,436,-1448,0
621,-49380,655,-884,583,-1448,0
203,-4345,2157,-327,38,-38,0
804,-136565,805,-139569,806,-1448,0
767,-319,767,-319,767,-319,0
223,-5484,93,-51,2466,-428,0
223,-5484,93,-51,1836,-54,0
391,-143316,446,-31483,446,-1448,0
466,-992,466,-990,466,-990,0
220,-6491,93,-120,1024,-38,0
880,-283944,807,-289969,809,-1448,0
218,-5627,126,-274,320,-400,0
217,-3851,126,-274,327,-958,0
206,-4360,1457,-327,38,-38,0
205,-3554,622,-2296,38,-46,0
228,-20,252,-20,228,-20,0
220,-6491,93,-120,1092,-38,0
183,-3166,93,-274,6771,-172,0
885,-380210,809,-488498,811,-1448,0
183,-3166,93,-274,328,-411,0
183,-3166,93,-274,328,-411,0
217,-3851,126,-274,327,-958,0
201,-3181,93,-274,567,-172,0
220,-6491,93,-120,1025,-38,0
218,-5627,126,-274,320,-400,0
517,-146,1382,-69,38,-38,0
246,-3693,93,-120,803,-38,0
517,-146,648,-69,38,-38,0
244,-3787,93,-51,8877,-360,0
215,-6491,93,-120,298,-38,0
218,-5627,126,-274,320,-400,0
220,-6491,93,-51,1026,-594,0
218,-5627,126,-274,320,-399,0
885,-500531,812,-491507,813,-1448,0
220,-6491,93,-120,1024,-38,0
517,-146,1382,-69,38,-38,0
370,-3129,126,-258,380,-364,0
369,-3129,126,-258,1434,-295,0
201,-3181,93,-274,567,-172,0
370,-3129,126,-258,820,-217,0
217,-3851,126,-274,327,-958,0
218,-5627,126,-274,320,-400,0
517,-146,1382,-69,38,-38,0
220,-6491,93,-120,1092,-38,0
307,-3755,318,-242,470,-1448,0
201,-3181,93,-274,563,-172,0
244,-3787,93,-51,2264,-358,0
888,-335099,807,-425328,808,-1448,0
183,-3166,93,-274,1021,-172,0
178,-3129,126,-258,822,-1039,0
183,-3166,93,-274,989,-172,0
218,-5627,126,-274,320,-400,0
220,-6491,93,-120,1025,-38,0
307,-3755,318,-242,470,-1448,0
517,-146,1774,-1384,479,-42,0
244,-3787,93,-51,4706,-361,0
215,-6491,93,-120,298,-38,0
884,-464437,810,-455413,812,-1448,0
370,-3129,126,-258,742,-302,0
218,-5627,126,-274,320,-399,0
888,-608828,814,-711100,814,-1448,0
218,-5627,126,-274,320,-400,0
220,-6491,93,-120,1064,-525,0
201,-6801,2348,-120,38,-38,0
517,-146,1382,-69,38,-38,0
888,-317052,807,-629871,808,-1448,0
183,-3166,93,-274,6875,-172,0
220,-6491,93,-120,1024,-38,0
218,-5627,126,-274,320,-400,0
183,-3166,93,-274,328,-411,0
183,-3166,93,-274,591,-172,0
183,-3166,93,-274,328,-411,0
183,-3166,93,-274,328,-411,0
182,-3100,93,-258,238,-1429,0
517,-146,1382,-69,38,-38,0
201,-3181,93,-274,567,-172,0
246,-3693,93,-120,448,-38,0
218,-5627,126,-274,320,-400,0
220,-6491,93,-120,1092,-38,0
517,-146,51,-69,1369,-38,0
244,-3787,93,-51,4245,-360,0
307,-3755,318,-242,470,-1448,0
220,-6491,93,-120,1025,-38,0
1109,-246,514,-1712,2471,-238,0
215,-6491,93,-120,299,-38,0
204,-6359,93,-120,519,-38,0
214,-5734,93,-120,536,-38,0
201,-3181,93,-274,580,-172,0
183,-3166,93,-274,328,-411,0
186,-6350,93,-51,642,-1448,0
182,-3100,93,-258,249,-692,0
517,-146,1382,-69,38,-64,0
370,-3129,126,-258,807,-214,0
206,-5894,318,-258,454,-1448,0
206,-5894,318,-258,471,-1448,0
206,-5894,318,-258,450,-1448,0
206,-5894,318,-258,489,-1448,0
218,-5627,126,-274,320,-400,0
196,-5725,93,-51,709,-1448,0
370,-3129,126,-258,380,-364,0
207,-4726,126,-327,940,-38,0
211,-4616,997,-343,38,-38,0
203,-4753,650,-327,38,-38,0
205,-4356,126,-327,585,-38,0
196,-4526,126,-327,493,-38,0
369,-3129,126,-258,1434,-295,0
220,-6491,93,-120,1064,-38,0
370,-3129,126,-258,820,-217,0
201,-3181,93,-274,567,-172,0
517,-146,1382,-69,38,-38,0
223,-5484,93,-51,2465,-54,0
191,-5484,93,-51,1831,-54,0
371,-105,697,-3709,905,-349,0
220,-6491,93,-120,1024,-38,0
218,-5627,126,-274,320,-399,0
201,-3181,93,-274,563,-172,0
353,-121,358,-121,354,-121,0
292,-20,240,-20,274,-20,0
179,-4351,126,-258,758,-311,0
809,-491503,812,-596784,812,-1448,0
244,-3787,93,-51,2261,-358,0
246,-3693,93,-120,753,-38,0
183,-3166,93,-274,925,-172,0
244,-3787,93,-51,2099,-358,0
220,-6491,93,-120,1023,-38,0
214,-3693,93,-120,321,-38,0
307,-3755,318,-242,470,-1448,0
200,-5705,2942,-120,38,-38,0
200,-5705,180,-120,38,-38,0
178,-3129,126,-258,822,-1041,0
307,-3755,318,-242,470,-1448,0
169,-3634,134,-59,154,-1448,0
183,-3166,93,-274,989,-172,0
479,-20,479,-20,508,-20,0
200,-3531,126,-51,151,-444,0
200,-3531,126,-51,229,-327,0
178,-3129,126,-258,822,-1039,0
213,-3531,126,-51,235,-327,0
183,-3166,93,-274,989,-172,0
183,-3166,93,-274,328,-411,0
6469,-3048,710,-607,349,-682,0
182,-4395,126,-274,498,-242,0
183,-3166,93,-274,1530,-172,0
201,-3181,93,-274,563,-172,0
183,-4351,126,-258,556,-311,0
241,-3531,126,-51,235,-327,0
212,-3787,93,-51,10352,-360,0
200,-3531,126,-51,229,-327,0
212,-3787,93,-51,2341,-358,0
241,-3531,126,-51,151,-444,0
1869,-7936,1089,-874,204,-52,0
182,-4395,126,-274,498,-242,0
183,-4351,126,-258,556,-311,0
370,-3129,126,-258,380,-470,0
969,-8222,991,-816,196,-64,0
182,-4395,126,-274,498,-242,0
183,-4351,126,-258,556,-311,0
21,-50,681,-85,15,-117,0
6147,-4506,712,-558,621,-961,0
182,-4395,126,-274,498,-242,0
183,-4351,126,-258,556,-311,0
1457,-8230,1228,-787,235,-64,0
383,-3162,93,-274,957,-143,0
182,-4395,126,-274,498,-242,0
514,-20,479,-20,479,-20,0
2279,-1758,777,-675,246,-949,0
182,-4395,126,-274,498,-242,0
183,-3166,93,-274,7029,-172,0
292,-20,240,-20,274,-20,0
183,-4351,126,-258,556,-311,0
183,-3166,93,-274,328,-411,0
183,-3166,93,-274,328,-411,0
201,-3181,93,-274,567,-172,0
370,-3129,126,-258,807,-212,0
1651,-5755,1098,-939,71,-52,0
182,-4395,126,-274,498,-242,0
183,-4351,126,-258,556,-311,0
28,-404,619,-76,2,-34,0
2780,-5416,191,-494,1039,-923,0
182,-4395,126,-274,498,-242,0
183,-4351,126,-258,556,-311,0
201,-3181,93,-274,567,-172,0
369,-3129,126,-258,1434,-297,0
178,-3129,126,-258,820,-217,0
479,-20,479,-20,479,-20,0
21,-21,752,-512,80,-656,0
208,-3531,126,-51,235,-327,0
241,-3531,126,-51,229,-327,0
7337,-7327,1216,-768,103,-44,0
187,-3531,126,-51,151,-444,0
182,-4395,126,-274,498,-242,0
183,-4351,126,-258,556,-311,0
251,-23672,245,-605,245,-401,0
617,-30386,615,-28416,615,-1400,0
383,-3162,93,-274,957,-143,0
180,-631,180,-631,179,-631,0
184,-660,184,-660,183,-660,0
183,-3166,93,-274,617,-172,0
4431,-3810,997,-1002,180,-52,0
208,-5671,214,-107,5994,-725,0
190,-3787,126,-258,1431,-1448,0
182,-4395,126,-274,484,-242,0
183,-4351,126,-258,556,-311,0
609,-20,611,-20,479,-20,0
258,-41,868,-65845,873,-1400,0
869,-65846,874,-65851,875,-1400,0
5036,-3189,721,-576,218,-906,0
182,-4395,126,-274,484,-242,0
183,-4351,126,-258,556,-311,0
240,-5671,214,-107,10239,-725,0
4419,-8274,827,-796,261,-44,0
182,-4395,126,-274,484,-242,0
183,-4351,126,-258,556,-311,0
183,-3166,93,-274,328,-411,0
183,-3166,93,-274,989,-172,0
320,-20,269,-20,246,-20,0
479,-20,479,-20,514,-20,0
6919,-8335,1005,-928,182,-52,0
182,-4395,126,-274,484,-242,0
183,-4351,126,-258,556,-311,0
182,-4395,126,-274,484,-242,0
118,-114,609,-266,673,-722,0
183,-4351,126,-258,556,-311,0
177,-3129,126,-258,1434,-295,0
201,-3181,93,-274,931,-172,0
178,-3129,126,-258,820,-217,0
183,-3166,93,-274,328,-411,0
201,-3181,93,-274,563,-172,0
240,-5671,214,-107,5834,-725,0
178,-3129,126,-258,219,-243,0
370,-3129,126,-258,380,-470,0
5028,-8084,1035,-739,238,-52,0
182,-4395,126,-274,484,-242,0
183,-4351,126,-258,556,-311,0
855,-8097,1128,-902,111,-52,0
182,-4395,126,-274,484,-242,0
183,-4351,126,-258,556,-311,0
479,-20,479,-20,508,-20,0
183,-3166,93,-274,328,-411,0
183,-3166,93,-274,328,-411,0
201,-3181,93,-274,567,-172,0
370,-3129,126,-258,807,-214,0
118,-114,609,-266,673,-722,0
207,-4298,1130,-327,38,-38,0
209,-4410,118,-266,4410,-319,0
211,-4616,812,-343,38,-38,0
207,-4726,1416,-327,38,-38,0
206,-4360,991,-327,38,-38,0
196,-4526,1055,-327,38,-38,0
204,-3932,126,-327,429,-38,0
201,-3932,126,-327,1718,-38,0
203,-4525,538,-2796,426,-1448,0
203,-4525,531,-8089,434,-1448,0
201,-3921,126,-226,1145,-318,0
201,-3921,126,-226,905,-307,0
182,-4395,126,-274,484,-242,0
201,-3921,1023,-53555,2423,-238,0
199,-4199,1205,-327,38,-38,0
195,-4199,509,-365,38,-900,0
207,-4410,2488,-890,2563,-624,0
517,-147,1023,-8277,1159,-424,0
201,-3959,126,-170,6074,-379,0
201,-3921,126,-226,1430,-1260,0
183,-4351,126,-258,556,-311,0
517,-147,964,-540,1178,-534,0
517,-148,2463,-374,2468,-316,0
201,-3932,126,-327,2032,-38,0
204,-3932,745,-327,38,-38,0
517,-358,1299,-2387,263,-813,0
279,-3531,126,-51,235,-327,0
619,-20,479,-20,479,-20,0
213,-3531,126,-51,229,-327,0
200,-3531,126,-51,151,-444,0
311,-6384,1110,-1084,263,-44,0
182,-4395,126,-274,484,-242,0
21,-21,648,-108,45,-80,0
208,-3531,126,-51,229,-327,0
241,-3531,126,-51,151,-444,0
5391,-6399,1437,-1071,179,-44,0
167,-3531,126,-51,235,-327,0
4144,-2395,868,-777,256,-52,0
171,-3778,126,-242,5518,-1448,0
182,-4395,126,-274,498,-242,0
183,-4351,126,-258,556,-311,0
204,-3531,126,-51,229,-327,0
200,-3531,126,-51,235,-327,0
212,-3787,93,-51,2307,-357,0
213,-3531,126,-51,151,-444,0
178,-3591,93,-51,1622,-284,0
3579,-4919,271,-764,258,-116,0
370,-3129,126,-258,742,-304,0
185,-3463,126,-258,1293,-1448,0
182,-4395,126,-274,498,-242,0
183,-3166,93,-274,328,-411,0
183,-3166,93,-274,989,-172,0
183,-4351,126,-258,556,-311,0
508,-20,514,-20,614,-20,0
370,-3129,126,-258,380,-245,0
204,-3531,126,-51,235,-327,0
204,-3531,126,-51,229,-327,0
208,-3531,126,-51,151,-444,0
182,-4395,126,-274,498,-242,0
203,-3792,126,-258,5663,-1448,0
118,-114,609,-266,673,-722,0
183,-4351,126,-258,556,-311,0
214,-3792,126,-274,3880,-1448,0
182,-4395,126,-274,498,-242,0
118,-114,609,-266,673,-722,0
183,-4351,126,-258,556,-311,0
1109,-246,514,-578,454,-759,0
183,-3166,93,-274,328,-411,0
183,-3166,93,-274,328,-411,0
370,-3129,126,-258,807,-212,0
201,-3181,93,-274,567,-172,0
678,-8686,882,-918,159,-64,0
201,-3181,93,-274,567,-172,0
369,-3129,126,-258,1434,-297,0
178,-3129,126,-258,820,-217,0
521,-3815,118,-43,7654,-1448,0
182,-4395,126,-274,498,-242,0
118,-114,609,-266,673,-722,0
183,-4351,126,-258,556,-311,0
179,-4351,126,-258,833,-219,0
179,-4351,126,-258,758,-311,0
383,-3162,93,-274,957,-143,0
181,-4395,126,-274,456,-1038,0
181,-4395,126,-274,468,-246,0
179,-4351,126,-258,806,-311,0
6417,-1944,1007,-1008,102,-64,0
4609,-471,969,-624,279,-645,0
197,-4212,126,-51,1237,-385,0
5656,-2643,1317,-880,201,-52,0
12,-21,688,-512,272,-832,0
28,-21,202,-512,710,-672,0
182,-4395,126,-274,498,-242,0
183,-4351,126,-258,556,-311,0
186,-4351,126,-274,441,-150,0
508,-20,514,-20,614,-20,0
183,-3166,93,-274,6581,-172,0
12,-523,324,-8,305,-1,0
2628,-1487,383,-700,837,-947,0
182,-4395,126,-274,498,-242,0
201,-3181,93,-274,567,-172,0
370,-3129,126,-258,807,-212,0
186,-4351,126,-274,441,-150,0
183,-4351,126,-258,556,-311,0
178,-3591,93,-51,1622,-283,0
216,-3723,93,-327,2059,-38,0
212,-3787,93,-51,8627,-360,0
212,-3787,93,-51,14344,-360,0
182,-4395,126,-274,498,-242,0
183,-4351,126,-258,556,-311,0
186,-4351,126,-274,441,-150,0
479,-20,479,-20,514,-20,0
201,-3181,93,-274,567,-172,0
369,-3129,126,-258,1434,-295,0
370,-3129,126,-258,820,-217,0
183,-3166,93,-274,2188,-172,0
179,-4351,126,-258,1166,-219,0
179,-4351,126,-258,874,-311,0
215,-3724,93,-327,6748,-38,0
257,-3725,93,-327,5333,-38,0
210,-3791,126,-258,1562,-1448,0
182,-4395,126,-274,498,-242,0
118,-114,609,-266,673,-722,0
186,-4351,126,-274,441,-150,0
183,-4351,126,-258,660,-311,0
216,-3792,126,-258,2764,-1448,0
246,-3724,93,-327,6488,-38,0
182,-4395,126,-274,498,-242,0
183,-4351,126,-258,556,-311,0
186,-4351,126,-274,441,-150,0
6691,-7352,902,-1089,299,-44,0
204,-3531,126,-51,229,-327,0
165,-3531,126,-51,235,-454,0
204,-3531,126,-51,151,-444,0
213,-5638,214,-107,693,-1448,0
208,-5671,214,-107,6026,-725,0
479,-20,479,-20,514,-20,0
5962,-8443,934,-948,212,-64,0
179,-4351,126,-258,874,-311,0
161,-7799,1097,-931,43,-74,0
182,-4395,126,-274,498,-242,0
186,-4351,126,-274,441,-150,0
245,-605,245,-607,245,-401,0
183,-4351,126,-258,556,-311,0
251,-23672,245,-605,245,-401,0
646,-887,494,-223,486,-231,0
307,-4348,126,-242,378,-498,0
183,-3166,93,-274,328,-411,0
183,-3166,93,-274,989,-172,0
292,-20,240,-20,274,-20,0
240,-20,274,-20,366,-20,0
4842,-6239,1182,-869,156,-44,0
182,-4395,126,-274,498,-242,0
186,-4351,126,-274,441,-150,0
183,-4351,126,-258,556,-311,0
479,-20,479,-20,508,-20,0
179,-4351,126,-258,906,-311,0
6703,-2759,810,-584,129,-788,0
182,-4395,126,-274,498,-242,0
353,-121,358,-121,354,-121,0
183,-4351,126,-258,556,-311,0
201,-3181,93,-274,564,-172,0
370,-3129,126,-258,380,-470,0
212,-3787,93,-51,2341,-358,0
182,-4395,126,-274,498,-242,0
183,-1202,93,-321,4270,-1208,0
369,-3129,126,-258,1434,-295,0
370,-3129,126,-258,820,-217,0
641,-20,531,-20,646,-20,0
183,-3166,93,-274,328,-411,0
183,-3166,93,-274,989,-172,0
353,-121,358,-121,354,-121,0
201,-3181,93,-274,567,-172,0
183,-3166,93,-274,1023,-172,0
201,-3181,93,-274,564,-172,0
198,-4212,126,-51,1238,-385,0
186,-3641,93,-51,1685,-54,0
370,-3129,126,-258,219,-243,0
370,-3129,126,-258,380,-245,0
188,-1231,126,-258,3902,-1208,0
183,-3166,93,-274,328,-411,0
183,-3166,93,-274,328,-411,0
183,-3166,93,-274,2880,-172,0
228,-20,252,-20,228,-20,0
201,-3181,93,-274,567,-172,0
343,-3100,93,-226,238,-1429,0
370,-3129,126,-258,807,-405,0
496,-20,496,-20,514,-20,0
517,-1184,93,-274,6335,-194,0
179,-1202,93,-284,970,-1208,0
371,-4351,126,-258,722,-311,0
7373,-3964,1059,-883,40,-8,0
362,-585,97,-37,1095,-132,0
496,-20,496,-20,514,-20,0
186,-1231,118,-250,1495,-1208,0
183,-3166,93,-274,989,-172,0
369,-3129,126,-258,1434,-295,0
201,-3181,93,-274,567,-172,0
370,-3129,126,-258,820,-217,0
214,-5734,93,-120,537,-38,0
183,-3166,93,-274,1216,-172,0
204,-6359,93,-120,519,-38,0
201,-3181,93,-274,564,-172,0
496,-20,496,-20,717,-20,0
244,-1335,4206,-2387,268,-728,0
370,-3129,126,-258,380,-470,0
1097,-246,514,-1712,2459,-238,0
183,-3166,93,-274,328,-411,0
183,-3166,93,-274,328,-411,0
183,-3166,93,-274,591,-172,0
183,-3166,93,-274,328,-411,0
183,-3166,93,-274,4179,-172,0
201,-3181,93,-274,567,-172,0
370,-3129,126,-258,807,-403,0
343,-3100,93,-226,238,-1429,0
718,-7056,1306,-969,207,-64,0
21,-21,710,-82,1,-406,0
565,-20,646,-20,643,-20,0
21,-549,752,-624,84,-68,0
182,-4168,126,-274,484,-242,0
183,-4351,126,-258,556,-311,0
28,-21,586,-508,10,-2,0
21,-21,752,-512,112,-32,0
300,-3353,927,-690,329,-900,0
178,-3129,126,-258,822,-1039,0
183,-3166,93,-274,328,-411,0
183,-3166,93,-274,989,-172,0
4757,-1186,159,-782,146,-75,0
6008,-4551,922,-946,74,-52,0
194,-3791,126,-258,5819,-1448,0
202,-3794,126,-258,8138,-1236,0
21,-21,576,-512,80,-597,0
517,-3183,150,-266,7177,-1448,0
182,-4168,126,-274,484,-242,0
183,-4351,126,-258,556,-311,0
383,-3166,93,-274,957,-143,0
227,-4007,1157,-944,201,-7,0
28,-21,370,-126,90,-351,0
182,-4168,126,-274,484,-242,0
177,-3129,126,-258,1434,-295,0
201,-3181,93,-274,931,-172,0
178,-3129,126,-258,820,-217,0
183,-3166,93,-274,328,-411,0
183,-4351,126,-258,556,-311,0
201,-3181,93,-274,564,-172,0
488,-20,488,-20,488,-20,0
178,-3129,126,-258,219,-243,0
370,-3129,126,-258,380,-493,0
7934,-7417,174,-675,161,-75,0
3289,-973,1022,-968,240,-5,0
517,-1202,93,-306,8566,-1208,0
21,-21,672,-512,112,-58,0
21,-21,816,-528,272,-832,0
182,-4168,126,-274,484,-242,0
118,-114,609,-266,673,-722,0
183,-4351,126,-258,556,-311,0
371,-4351,126,-258,1174,-219,0
28,-533,784,-656,80,-64,0
179,-4351,126,-258,874,-311,0
288,-3337,127,-85,289,-1440,1
288,-3337,127,-85,289,-1440,1
288,-3337,127,-85,289,-1440,1
288,-3337,127,-85,289,-1440,1
288,-3337,127,-85,289,-1440,1
288,-3337,127,-85,289,-1440,1
288,-3337,127,-85,289,-1440,1
288,-3337,127,-85,289,-1440,1
288,-3337,127,-85,289,-1440,1
288,-3337,127,-85,289,-1440,1
288,-3337,127,-85,289,-1440,1
288,-3337,127,-85,289,-1440,1
288,-3337,127,-85,289,-1440,1
288,-3337,127,-85,289,-1440,1
288,-3337,127,-85,289,-1440,1
288,-3337,127,-85,289,-1440,1
288,-3337,127,-85,289,-1440,1
288,-3337,127,-85,289,-1440,1
288,-3337,127,-85,289,-1440,1
288,-3337,127,-85,289,-1440,1
288,-3337,127,-85,289,-1440,1
288,-3337,127,-85,289,-1440,1
288,-3337,127,-85,289,-1440,1
288,-3337,127,-85,289,-1440,1
288,-3337,127,-85,289,-1440,1
288,-3337,127,-85,289,-1440,1
288,-3337,127,-85,289,-1440,1
288,-3337,127,-85,289,-85,1
288,-3337,127,-85,289,-1440,1
288,-3337,127,-85,289,-1440,1
288,-3337,127,-85,289,-1440,1
288,-3337,127,-85,289,-1440,1
288,-3337,127,-85,289,-1440,1
288,-3337,127,-85,289,-1440,1
288,-3337,127,-85,289,-1440,1
288,-3337,127,-85,289,-1440,1
288,-3337,127,-85,289,-1440,1
288,-3337,127,-85,289,-1440,1
288,-3337,127,-85,289,-1440,1
288,-3337,127,-85,289,-1164,1
288,-3337,127,-85,289,-1440,1
288,-3337,127,-85,289,-1440,1
288,-3337,127,-85,289,-1440,1
288,-3337,127,-85,289,-1440,1
288,-3337,127,-85,289,-1440,1
288,-3337,127,-85,289,-1440,1
288,-3337,127,-85,289,-1440,1
288,-3337,127,-85,289,-1440,1
288,-3337,127,-85,289,-1440,1
288,-3337,127,-85,289,-1440,1
288,-3337,127,-85,289,-1440,1
288,-3337,127,-85,289,-1440,1
288,-3337,127,-85,289,-1440,1
288,-3337,127,-85,289,-1440,1
288,-3337,127,-85,289,-1440,1
288,-3337,127,-85,289,-1440,1
288,-3337,127,-85,289,-1440,1
288,-3337,127,-85,289,-1440,1
288,-3337,127,-85,289,-1214,1
288,-3337,127,-85,289,-1440,1
288,-3337,127,-85,289,-1440,1
288,-3337,127,-85,289,-1440,1
288,-3337,127,-85,289,-1440,1
288,-3337,127,-85,289,-1440,1
288,-3337,127,-85,289,-1440,1
288,-3337,127,-85,289,-1440,1
288,-3337,127,-85,289,-1440,1
288,-3337,127,-85,289,-1440,1
288,-3337,127,-85,289,-1440,1
288,-3337,127,-85,289,-1440,1
288,-3337,127,-457,127,-85,1
288,-3337,127,-85,289,-1440,1
288,-3337,127,-85,289,-1440,1
288,-3337,127,-85,289,-1440,1
288,-3337,127,-85,289,-1440,1
288,-3337,127,-85,289,-1440,1
288,-3337,127,-85,289,-1440,1
288,-3337,127,-85,289,-1440,1
288,-3337,127,-85,289,-1440,1
288,-3337,127,-85,289,-1440,1
288,-3337,127,-457,127,-85,1
288,-3337,127,-85,289,-1440,1
288,-3337,127,-85,289,-1440,1
288,-3337,127,-85,289,-1440,1
288,-3337,127,-85,289,-1440,1
288,-3337,127,-85,289,-1440,1
288,-3337,127,-85,289,-1440,1
288,-3337,127,-85,289,-1440,1
288,-3337,127,-85,289,-1440,1
288,-3337,127,-85,289,-1208,1
288,-3337,127,-85,289,-1208,1
288,-3337,127,-85,289,-1208,1
288,-3337,127,-85,289,-1208,1
288,-3337,127,-85,289,-1208,1
288,-3337,127,-85,289,-1208,1
288,-3337,127,-85,289,-1208,1
288,-3337,127,-85,289,-1206,1
288,-3337,127,-85,289,-1208,1
288,-3337,127,-457,127,-85,1
288,-3337,127,-85,289,-1208,1
288,-3337,127,-85,289,-1208,1
288,-3337,127,-85,289,-1208,1
288,-3337,127,-85,289,-1208,1
288,-3337,127,-85,289,-1208,1
288,-3337,127,-85,289,-1208,1
288,-3337,127,-85,289,-1208,1
288,-3337,127,-85,289,-1208,1
288,-3337,127,-85,289,-1208,1
288,-3337,127,-85,289,-1208,1
288,-3337,127,-85,289,-1208,1
288,-3337,127,-85,289,-1208,1
288,-3337,127,-85,289,-1208,1
288,-3337,127,-85,289,-1208,1
288,-3337,127,-85,289,-1208,1
288,-3337,127,-85,289,-1208,1
288,-3337,127,-85,289,-1208,1
288,-3337,127,-85,289,-1206,1
288,-3337,127,-85,289,-1208,1
288,-3337,127,-85,289,-1208,1
288,-3337,127,-85,289,-1208,1
288,-3337,127,-85,289,-1208,1
288,-3337,127,-85,289,-1208,1
288,-3337,127,-85,289,-1208,1
288,-3337,127,-85,289,-1208,1
288,-3337,127,-85,289,-1208,1
288,-3337,127,-85,289,-1208,1
288,-3337,127,-85,289,-1208,1
288,-3337,127,-85,289,-1208,1
288,-3337,127,-85,289,-1208,1
288,-3337,127,-85,289,-1206,1
288,-3337,127,-85,289,-1208,1
288,-3337,127,-85,289,-1208,1
288,-3337,127,-85,289,-1208,1
288,-3337,127,-85,289,-1208,1
288,-3337,127,-85,289,-1208,1
288,-3337,127,-85,289,-1208,1
288,-3337,127,-85,289,-1208,1
288,-3337,127,-85,289,-1208,1
288,-3337,127,-85,289,-1208,1
288,-3337,127,-85,289,-1208,1
288,-3337,127,-85,289,-1208,1
288,-3337,127,-85,289,-1208,1
288,-3337,127,-85,289,-1208,1
288,-3337,127,-85,289,-1208,1
288,-3337,127,-85,289,-1208,1
288,-3337,127,-85,289,-1208,1
288,-3337,127,-85,289,-1208,1
288,-3337,127,-85,289,-1208,1
288,-3337,127,-85,289,-1208,1
288,-3337,127,-85,289,-1208,1
288,-3337,127,-85,289,-1208,1
288,-3337,127,-85,289,-1208,1
288,-3337,127,-85,289,-1208,1
288,-3337,127,-85,289,-1206,1
288,-3337,127,-85,289,-1208,1
288,-3337,127,-85,289,-1208,1
288,-3337,127,-85,289,-1208,1
288,-3337,127,-85,289,-1208,1
288,-3337,127,-85,289,-1208,1
288,-3337,127,-85,289,-1206,1
288,-3337,127,-85,289,-1208,1
288,-3337,127,-85,289,-1208,1
288,-3337,127,-85,289,-1208,1
288,-3337,127,-85,289,-1208,1
288,-3337,127,-85,289,-1208,1
288,-3337,127,-85,289,-1208,1
288,-3337,127,-85,289,-1208,1
288,-3337,127,-85,289,-1208,1
288,-3337,127,-85,289,-1208,1
288,-3337,127,-85,289,-1208,1
288,-3337,127,-85,289,-1208,1
288,-3337,127,-85,289,-1208,1
288,-3337,127,-85,289,-1208,1
288,-3337,127,-85,289,-1208,1
288,-3337,127,-85,289,-1208,1
288,-3337,127,-1440,127,-85,1
288,-3337,127,-85,289,-1208,1
288,-3337,127,-85,289,-1440,1
288,-3337,127,-85,289,-1214,1
288,-3337,127,-85,289,-1440,1
288,-3337,127,-85,289,-1440,1
288,-3337,127,-85,289,-1440,1
288,-3337,127,-85,289,-1440,1
288,-3337,127,-85,289,-1440,1
288,-3337,127,-85,289,-1440,1
288,-3337,127,-85,289,-1440,1
288,-3337,127,-85,289,-85,1
288,-3337,127,-85,289,-1440,1
288,-3337,127,-85,289,-1440,1
288,-3337,127,-85,289,-1440,1
288,-3337,127,-85,289,-1440,1
288,-3337,127,-85,289,-1440,1
288,-3337,127,-85,289,-1440,1
288,-3337,127,-85,289,-1440,1
288,-3337,127,-85,289,-1440,1
288,-3337,127,-85,289,-1440,1
288,-3337,127,-85,289,-1440,1
288,-3337,127,-85,289,-1440,1
288,-3337,127,-85,289,-1440,1
288,-3337,127,-85,289,-1440,1
288,-3337,127,-85,289,-1440,1
288,-3337,127,-85,289,-1440,1
288,-3337,127,-85,289,-1440,1
288,-3337,127,-85,289,-1440,1
288,-3337,127,-85,289,-1440,1
288,-3337,127,-85,289,-1440,1
288,-3337,127,-85,289,-85,1
288,-3337,127,-85,289,-1440,1
288,-3337,127,-85,289,-1440,1
288,-3337,127,-85,289,-1210,1
288,-3337,127,-85,289,-1440,1
288,-3337,127,-85,289,-1440,1
288,-3337,127,-85,289,-1440,1
288,-3337,127,-85,289,-1440,1
288,-3337,127,-85,289,-1440,1
288,-3337,127,-85,289,-1440,1
288,-3337,127,-85,289,-1440,1
288,-3337,127,-85,289,-1440,1
288,-3337,127,-85,289,-1440,1
288,-3337,127,-85,289,-1440,1
288,-3337,127,-85,289,-1440,1
288,-3337,127,-85,289,-1440,1
288,-3337,127,-85,289,-1440,1
288,-3337,127,-85,289,-1440,1
288,-3337,127,-85,289,-1440,1
288,-3337,127,-85,289,-1440,1
288,-3337,127,-457,127,-85,1
288,-3337,127,-85,289,-1440,1
288,-3337,127,-85,289,-1440,1
288,-3337,127,-85,289,-1440,1
288,-3337,127,-85,289,-1440,1
288,-3337,127,-85,289,-1440,1
288,-3337,127,-85,289,-85,1
288,-3337,127,-85,289,-85,1
288,-3337,127,-85,289,-85,1
288,-3337,127,-85,289,-1440,1
288,-3337,127,-85,289,-1440,1
288,-3337,127,-85,289,-1440,1
288,-3337,127,-85,289,-1440,1
288,-3337,127,-85,289,-1440,1
288,-3337,127,-85,289,-1440,1
288,-3337,127,-85,289,-1440,1
288,-3337,127,-457,127,-85,1
288,-3337,127,-85,289,-1210,1
288,-3337,127,-85,289,-1210,1
288,-3337,127,-85,289,-1210,1
288,-3337,127,-85,289,-1208,1
288,-3337,127,-85,289,-1210,1
288,-3337,127,-85,289,-1210,1
288,-3337,127,-85,289,-1210,1
288,-3337,127,-85,289,-1210,1
288,-3337,127,-85,289,-1210,1
288,-3337,127,-85,289,-1210,1
288,-3337,127,-85,289,-1208,1
288,-3337,127,-85,289,-1210,1
288,-3337,127,-85,289,-1210,1
288,-3337,127,-85,289,-1210,1
288,-3337,127,-85,289,-1210,1
288,-3337,127,-85,289,-1210,1
288,-3337,127,-85,289,-1210,1
288,-3337,127,-85,289,-1210,1
288,-3337,127,-85,289,-1210,1
288,-3337,127,-85,289,-1210,1
288,-3337,127,-457,127,-85,1
288,-3337,127,-85,289,-1210,1
288,-3337,127,-85,289,-1210,1
288,-3337,127,-85,289,-1210,1
288,-3337,127,-85,289,-1210,1
288,-3337,127,-85,289,-85,1
288,-3337,127,-85,289,-1210,1
288,-3337,127,-85,289,-1210,1
288,-3337,127,-85,289,-1210,1
288,-3337,127,-85,289,-1210,1
288,-3337,127,-85,289,-1210,1
288,-3337,127,-85,289,-1210,1
288,-3337,127,-85,289,-85,1
288,-3337,127,-85,289,-1210,1
288,-3337,127,-85,289,-1210,1
288,-3337,127,-85,289,-1210,1
288,-3337,127,-85,289,-1210,1
288,-3337,127,-85,289,-1210,1
288,-3337,127,-85,289,-1210,1
288,-3337,127,-85,289,-1210,1
288,-3337,127,-85,289,-1210,1
288,-3337,127,-85,289,-1210,1
288,-3337,127,-85,289,-1210,1
288,-3337,127,-85,289,-1210,1
288,-3337,127,-85,289,-1210,1
288,-3337,127,-85,289,-1210,1
288,-3337,127,-85,289,-1210,1
288,-3337,127,-85,289,-1210,1
288,-3337,127,-85,289,-1210,1
288,-3337,127,-85,289,-1210,1
288,-3337,127,-85,289,-1210,1
288,-3337,127,-85,289,-1208,1
288,-3337,127,-85,289,-1210,1
288,-3337,127,-85,289,-1210,1
288,-3337,127,-85,289,-1210,1
288,-3337,127,-85,289,-1210,1
288,-3337,127,-85,289,-1210,1
288,-3337,127,-85,289,-1210,1
288,-3337,127,-85,289,-1210,1
288,-3337,127,-85,289,-1210,1
288,-3337,127,-85,289,-1210,1
288,-3337,127,-85,289,-1210,1
288,-3337,127,-85,289,-1210,1
288,-3337,127,-85,289,-1210,1
288,-3337,127,-85,289,-1210,1
288,-3337,127,-85,289,-1210,1
288,-3337,127,-85,289,-1210,1
288,-3337,127,-85,289,-1210,1
288,-3337,127,-85,289,-1210,1
288,-3337,127,-85,289,-1210,1
288,-3337,127,-85,289,-1210,1
288,-3337,127,-85,289,-1210,1
288,-3337,127,-85,289,-1210,1
288,-3337,127,-85,289,-1210,1
288,-3337,127,-85,289,-1210,1
288,-3337,127,-85,289,-1210,1
288,-3337,127,-85,289,-1210,1
288,-3337,127,-85,289,-1210,1
288,-3337,127,-85,289,-1210,1
288,-3337,127,-85,289,-1210,1
288,-3337,127,-85,289,-1210,1
288,-3337,127,-85,289,-1210,1
288,-3337,127,-85,289,-1210,1
288,-3337,127,-85,289,-1210,1
288,-3337,127,-85,289,-1210,1
288,-3337,127,-85,289,-1210,1
288,-3337,127,-85,289,-1210,1
288,-3337,127,-85,289,-1210,1
288,-3337,127,-85,289,-1210,1
288,-3337,127,-85,289,-1210,1
288,-3337,127,-85,289,-1210,1
288,-3337,127,-85,289,-1210,1
288,-3337,127,-85,289,-1208,1
288,-3337,127,-85,289,-1210,1
288,-3337,127,-85,289,-1210,1
288,-3337,127,-85,289,-1210,1
288,-3337,127,-85,289,-1210,1
288,-3337,127,-85,289,-1208,1
288,-3337,127,-85,289,-1210,1
288,-3337,127,-85,289,-1210,1
288,-3337,127,-85,289,-1210,1
288,-3337,127,-85,289,-1210,1
288,-3337,127,-85,289,-1210,1
288,-3337,127,-85,289,-1210,1
288,-3337,127,-85,289,-1210,1
288,-3337,127,-85,289,-1210,1
288,-3337,127,-85,289,-1210,1
288,-3337,127,-85,289,-1210,1
288,-3337,127,-85,289,-1210,1
288,-3337,127,-85,289,-1210,1
288,-3337,127,-85,289,-1210,1
288,-3337,127,-85,289,-1210,1
288,-3337,127,-85,289,-1210,1
288,-3337,127,-85,289,-1210,1
288,-3337,127,-85,289,-1210,1
288,-3337,127,-85,289,-1210,1
288,-3337,127,-85,289,-1440,1
288,-3337,127,-85,289,-1440,1
288,-3337,127,-85,289,-1440,1
288,-3337,127,-85,289,-1440,1
288,-3337,127,-85,289,-1440,1
288,-3337,127,-457,127,-85,1
288,-3337,127,-85,289,-1440,1
288,-3337,127,-85,289,-1440,1
288,-3337,127,-85,289,-1440,1
288,-3337,127,-85,289,-1440,1
288,-3337,127,-85,289,-1440,1
288,-3337,127,-85,289,-1440,1
288,-3337,127,-85,289,-1440,1
288,-3337,127,-85,289,-1440,1
288,-3337,127,-85,289,-1440,1
288,-3337,127,-85,289,-1440,1
288,-3337,127,-85,289,-1440,1
288,-3337,127,-85,289,-1440,1
288,-3337,127,-85,289,-1440,1
288,-3337,127,-85,289,-1440,1
288,-3337,127,-85,289,-1440,1
288,-3337,127,-85,289,-1440,1
288,-3337,127,-85,289,-1440,1
288,-3337,127,-85,289,-1440,1
288,-3337,127,-85,289,-1440,1
288,-3337,127,-85,289,-1440,1
288,-3337,127,-85,289,-1440,1
288,-3337,127,-85,289,-1440,1
288,-3337,127,-85,289,-1440,1
288,-3337,127,-85,289,-1440,1
288,-3337,127,-85,289,-1440,1
288,-3337,127,-85,289,-1440,1
288,-3337,127,-85,289,-1440,1
288,-3337,127,-85,289,-1440,1
288,-3337,127,-85,289,-1440,1
288,-3337,127,-85,289,-1440,1
288,-3337,127,-85,289,-1440,1
288,-3337,127,-85,289,-1440,1
288,-3337,127,-85,289,-1440,1
288,-3337,127,-85,289,-1440,1
288,-3337,127,-85,289,-1440,1
288,-3337,127,-85,289,-1440,1
288,-3337,127,-85,289,-1440,1
288,-3337,127,-85,289,-85,1
288,-3337,127,-85,289,-1210,1
288,-3337,127,-85,289,-1210,1
288,-3337,127,-85,289,-1210,1
288,-3337,127,-85,289,-1210,1
288,-3337,127,-85,289,-1210,1
288,-3337,127,-85,289,-1210,1
288,-3337,127,-85,289,-1210,1
288,-3337,127,-85,289,-1210,1
288,-3337,127,-85,289,-1210,1
288,-3337,127,-85,289,-1210,1
288,-3337,127,-85,289,-1210,1
288,-3337,127,-85,289,-1210,1
288,-3337,127,-85,289,-1210,1
288,-3337,127,-85,289,-1210,1
288,-3337,127,-85,289,-1210,1
288,-3337,127,-85,289,-1208,1
288,-3337,127,-85,289,-1210,1
288,-3337,127,-85,289,-1210,1
288,-3337,127,-85,289,-1210,1
288,-3337,127,-85,289,-1210,1
288,-3337,127,-85,289,-1210,1
288,-3337,127,-85,289,-1210,1
288,-3337,127,-85,289,-1210,1
288,-3337,127,-85,289,-1210,1
288,-3337,127,-85,289,-1210,1
288,-3337,127,-85,289,-1208,1
288,-3337,127,-85,289,-1210,1
288,-3337,127,-85,289,-1210,1
288,-3337,127,-85,289,-1210,1
288,-3337,127,-85,289,-1210,1
288,-3337,127,-85,289,-1210,1
288,-3337,127,-85,289,-1210,1
288,-3337,127,-85,289,-1210,1
288,-3337,127,-85,289,-1210,1
288,-3337,127,-85,289,-1210,1
288,-3337,127,-85,289,-1210,1
288,-3337,127,-85,289,-1210,1
288,-3337,127,-85,289,-1210,1
288,-3337,127,-85,289,-1210,1
288,-3337,127,-85,289,-1210,1
288,-3337,127,-85,289,-1210,1
288,-3337,127,-85,289,-1210,1
288,-3337,127,-85,289,-1210,1
288,-3337,127,-85,289,-1210,1
288,-3337,127,-85,289,-1210,1
288,-3337,127,-85,289,-1210,1
288,-3337,127,-85,289,-1210,1
288,-3337,127,-85,289,-1210,1
288,-3337,127,-85,289,-1210,1
288,-3337,127,-85,289,-1210,1
288,-3337,127,-85,289,-1210,1
288,-3337,127,-85,289,-1210,1
288,-3337,127,-85,289,-1210,1
288,-3337,127,-85,289,-1210,1
288,-3337,127,-85,289,-1210,1
288,-3337,127,-85,289,-1210,1
288,-3337,127,-85,289,-1210,1
288,-3337,127,-85,289,-1210,1
288,-3337,127,-85,289,-1210,1
288,-3337,127,-85,289,-1210,1
288,-3337,127,-85,289,-1210,1
288,-3337,127,-85,289,-1210,1
288,-3337,127,-85,289,-1210,1
288,-3337,127,-85,289,-1210,1
288,-3337,127,-85,289,-1210,1
288,-3337,127,-85,289,-1210,1
288,-3337,127,-85,289,-1210,1
288,-3337,127,-85,289,-1210,1
288,-3337,127,-85,289,-1210,1
288,-3337,127,-85,289,-1210,1
288,-3337,127,-85,289,-1210,1
288,-3337,127,-85,289,-1210,1
288,-3337,127,-85,289,-1210,1
288,-3337,127,-85,289,-1210,1
288,-3337,127,-85,289,-1210,1
288,-3337,127,-85,289,-1210,1
288,-3337,127,-85,289,-1210,1
288,-3337,127,-85,289,-1210,1
288,-3337,127,-85,289,-1210,1
288,-3337,127,-85,289,-1210,1
288,-3337,127,-85,289,-1210,1
288,-3337,127,-85,289,-1210,1
288,-3337,127,-85,289,-1210,1
288,-3337,127,-85,289,-1210,1
288,-3337,127,-85,289,-1208,1
288,-3337,127,-85,289,-1210,1
288,-3337,127,-85,289,-1208,1
288,-3337,127,-85,289,-1210,1
288,-3337,127,-85,289,-1210,1
288,-3337,127,-85,289,-1210,1
288,-3337,127,-85,289,-1210,1
288,-3337,127,-85,289,-1210,1
288,-3337,127,-85,289,-1208,1
288,-3337,127,-85,289,-1210,1
288,-3337,127,-85,289,-1210,1
288,-3337,127,-85,289,-1210,1
288,-3337,127,-85,289,-1210,1
288,-3337,127,-85,289,-1210,1
288,-3337,127,-85,289,-1210,1
288,-3337,127,-85,289,-1210,1
288,-3337,127,-85,289,-1210,1
288,-3337,127,-85,289,-1210,1
288,-3337,127,-85,289,-1210,1
288,-3337,127,-85,289,-1208,1
288,-3337,127,-85,289,-1210,1
288,-3337,127,-85,289,-1210,1
288,-3337,127,-85,289,-1210,1
288,-3337,127,-85,289,-1210,1
288,-3337,127,-85,289,-1210,1
288,-3337,127,-85,289,-1210,1
288,-3337,127,-85,289,-1210,1
288,-3337,127,-85,289,-1210,1
288,-3337,127,-85,289,-85,1
288,-3337,127,-85,289,-1210,1
288,-3337,127,-85,289,-1210,1
288,-3337,127,-85,289,-1210,1
288,-3337,127,-85,289,-1210,1
288,-3337,127,-85,289,-85,1
288,-3337,127,-85,289,-1210,1
288,-3337,127,-85,289,-1210,1
288,-3337,127,-85,289,-1210,1
288,-3337,127,-85,289,-1440,1
288,-3337,127,-85,289,-1440,1
288,-3337,127,-85,289,-1440,1
288,-3337,127,-85,289,-1440,1
288,-3337,127,-85,289,-1440,1
288,-3337,127,-85,289,-1440,1
288,-3337,127,-85,289,-1440,1
288,-3337,127,-85,289,-1440,1
288,-3337,127,-85,289,-1440,1
288,-3337,127,-85,289,-1440,1
288,-3337,127,-85,289,-1440,1
288,-3337,127,-85,289,-1440,1
288,-3337,127,-85,289,-1440,1
288,-3337,127,-85,289,-1440,1
288,-3337,127,-85,289,-1440,1
288,-3337,127,-85,289,-1440,1
288,-3337,127,-85,289,-1440,1
288,-3337,127,-85,289,-1440,1
288,-3337,127,-85,289,-1440,1
288,-3337,127,-85,289,-1440,1
288,-3337,127,-85,289,-1440,1
288,-3337,127,-457,127,-85,1
288,-3337,127,-85,289,-1440,1
288,-3337,127,-85,289,-1440,1
288,-3337,127,-85,289,-1440,1
288,-3337,127,-85,289,-1440,1
288,-3337,127,-85,289,-1440,1
288,-3337,127,-85,289,-1440,1
288,-3337,127,-85,289,-1440,1
288,-3337,127,-85,289,-1210,1
288,-3337,127,-85,289,-1210,1
288,-3337,127,-85,289,-1210,1
288,-3337,127,-85,289,-1210,1
288,-3337,127,-85,289,-1210,1
288,-3337,127,-85,289,-1210,1
288,-3337,127,-85,289,-1210,1
288,-3337,127,-85,289,-1210,1
288,-3337,127,-85,289,-1210,1
288,-3337,127,-85,289,-1210,1
288,-3337,127,-85,289,-1210,1
288,-3337,127,-85,289,-1210,1
288,-3337,127,-85,289,-1210,1
288,-3337,127,-85,289,-1210,1
288,-3337,127,-85,289,-1210,1
288,-3337,127,-85,289,-1208,1
288,-3337,127,-85,289,-1210,1
288,-3337,127,-85,289,-1210,1
288,-3337,127,-85,289,-1210,1
288,-3337,127,-85,289,-1210,1
288,-3337,127,-85,289,-1210,1
288,-3337,127,-85,289,-1210,1
288,-3337,127,-85,289,-1210,1
288,-3337,127,-85,289,-1210,1
288,-3337,127,-85,289,-1210,1
288,-3337,127,-85,289,-1210,1
288,-3337,127,-85,289,-1210,1
288,-3337,127,-85,289,-1210,1
288,-3337,127,-85,289,-1210,1
288,-3337,127,-85,289,-1210,1
288,-3337,127,-85,289,-1210,1
288,-3337,127,-85,289,-1210,1
288,-3337,127,-85,289,-1210,1
288,-3337,127,-85,289,-1210,1
288,-3337,127,-85,289,-1208,1
288,-3337,127,-85,289,-1208,1
288,-3337,127,-85,289,-1210,1
288,-3337,127,-85,289,-1210,1
288,-3337,127,-85,289,-1210,1
288,-3337,127,-85,289,-1210,1
288,-3337,127,-85,289,-1210,1
288,-3337,127,-85,289,-1210,1
288,-3337,127,-85,289,-1210,1
288,-3337,127,-85,289,-1210,1
288,-3337,127,-85,289,-1210,1
288,-3337,127,-85,289,-1210,1
288,-3337,127,-85,289,-1210,1
288,-3337,127,-85,289,-1210,1
288,-3337,127,-85,289,-1210,1
288,-3337,127,-85,289,-1210,1
288,-3337,127,-85,289,-1210,1
288,-3337,127,-85,289,-1210,1
288,-3337,127,-85,289,-1210,1
288,-3337,127,-85,289,-1210,1
288,-3337,127,-85,289,-1210,1
288,-3337,127,-85,289,-1210,1
288,-3337,127,-85,289,-1210,1
288,-3337,127,-85,289,-1210,1
288,-3337,127,-85,289,-1210,1
288,-3337,127,-85,289,-1210,1
288,-3337,127,-85,289,-1210,1
288,-3337,127,-85,289,-1210,1
288,-3337,127,-85,289,-1210,1
288,-3337,127,-85,289,-1210,1
288,-3337,127,-85,289,-1210,1
288,-3337,127,-85,289,-1208,1
288,-3337,127,-85,289,-1210,1
288,-3337,127,-85,289,-1208,1
288,-3337,127,-85,289,-1210,1
288,-3337,127,-85,289,-1210,1
288,-3337,127,-85,289,-1210,1
288,-3337,127,-85,289,-1210,1
288,-3337,127,-85,289,-1210,1
288,-3337,127,-85,289,-1210,1
288,-3337,127,-85,289,-1210,1
288,-3337,127,-457,127,-85,1
288,-3337,127,-85,289,-1210,1
288,-3337,127,-85,289,-1208,1
288,-3337,127,-85,289,-1210,1
288,-3337,127,-85,289,-1210,1
288,-3337,127,-85,289,-1210,1
288,-3337,127,-85,289,-1210,1
288,-3337,127,-85,289,-1210,1
288,-3337,127,-85,289,-1210,1
288,-3337,127,-85,289,-1210,1
288,-3337,127,-85,289,-1210,1
288,-3337,127,-85,289,-1210,1
288,-3337,127,-85,289,-1210,1
288,-3337,127,-85,289,-1210,1
288,-3337,127,-85,289,-1210,1
288,-3337,127,-85,289,-1210,1
288,-3337,127,-85,289,-1210,1
288,-3337,127,-85,289,-1208,1
288,-3337,127,-85,289,-1210,1
288,-3337,127,-85,289,-1210,1
288,-3337,127,-85,289,-1210,1
288,-3337,127,-85,289,-1210,1
288,-3337,127,-85,289,-1210,1
288,-3337,127,-85,289,-85,1
288,-3337,127,-85,289,-1210,1
288,-3337,127,-85,289,-1210,1
288,-3337,127,-85,289,-1210,1
288,-3337,127,-85,289,-1210,1
288,-3337,127,-85,289,-1210,1
288,-3337,127,-85,289,-1210,1
288,-3337,127,-85,289,-1210,1
288,-3337,127,-85,289,-1210,1
288,-3337,127,-85,289,-1210,1
288,-3337,127,-85,289,-1210,1
288,-3337,127,-85,289,-1210,1
288,-3337,127,-85,289,-1210,1
288,-3337,127,-85,289,-1210,1
288,-3337,127,-85,289,-1210,1
288,-3337,127,-85,289,-1210,1
288,-3337,127,-85,289,-1210,1
288,-3337,127,-85,289,-1210,1
288,-3337,127,-85,289,-1210,1
288,-3337,127,-85,289,-1210,1
288,-3337,127,-85,289,-1210,1
288,-3337,127,-85,289,-1210,1
288,-3337,127,-85,289,-1210,1
288,-3337,127,-85,289,-1210,1
288,-3337,127,-85,289,-1210,1
288,-3337,127,-85,289,-1210,1
288,-3337,127,-85,289,-1210,1
288,-3337,127,-85,289,-1210,1
288,-3337,127,-85,289,-1210,1
288,-3337,127,-85,289,-1210,1
288,-3337,127,-85,289,-1210,1
288,-3337,127,-85,289,-1210,1
288,-3337,127,-85,289,-1210,1
288,-3337,127,-85,289,-1210,1
288,-3337,127,-85,289,-1210,1
288,-3337,127,-85,289,-1440,1
288,-3337,127,-85,289,-1440,1
288,-3337,127,-85,289,-1440,1
288,-3337,127,-85,289,-1440,1
288,-3337,127,-85,289,-1440,1
288,-3337,127,-85,289,-1440,1
288,-3337,127,-85,289,-1440,1
288,-3337,127,-85,289,-1440,1
288,-3337,127,-85,289,-1440,1
288,-3337,127,-85,289,-1440,1
288,-3337,127,-85,289,-1440,1
288,-3337,127,-85,289,-1440,1
288,-3337,127,-85,289,-1440,1
288,-3337,127,-85,289,-1440,1
288,-3337,127,-85,289,-1440,1
288,-3337,127,-85,289,-1440,1
288,-3337,127,-85,289,-1440,1
288,-3337,127,-85,289,-1440,1
288,-3337,127,-85,289,-1440,1
288,-3337,127,-85,289,-1440,1
288,-3337,127,-85,289,-1440,1
288,-3337,127,-85,289,-1440,1
288,-3337,127,-85,289,-1440,1
288,-3337,127,-85,289,-1440,1
288,-3337,127,-85,289,-1440,1
288,-3337,127,-85,289,-1440,1
288,-3337,127,-85,289,-1440,1
288,-3337,127,-85,289,-1440,1
288,-3337,127,-85,289,-1440,1
288,-3337,127,-85,289,-1440,1
288,-3337,127,-85,289,-1440,1
288,-3337,127,-85,289,-1440,1
288,-3337,127,-85,289,-1139,1
288,-3337,127,-85,289,-1440,1
288,-3337,127,-85,289,-1440,1
288,-3337,127,-85,289,-1440,1
288,-3337,127,-85,289,-1440,1
288,-3337,127,-85,289,-1440,1
288,-3337,127,-85,289,-1440,1
288,-3337,127,-85,289,-1440,1
288,-3337,127,-85,289,-1440,1
288,-3337,127,-85,289,-1440,1
288,-3337,127,-85,289,-1440,1
288,-3337,127,-85,289,-1440,1
288,-3337,127,-85,289,-1440,1
288,-3337,127,-85,289,-1064,1
288,-3337,127,-85,289,-1440,1
288,-3337,127,-85,289,-1440,1
288,-3337,127,-85,289,-1264,1
288,-3337,127,-85,289,-1440,1
288,-3337,127,-85,289,-1440,1
288,-3337,127,-85,289,-1440,1
288,-3337,127,-85,289,-1440,1
288,-3337,127,-85,289,-1440,1
288,-3337,127,-85,289,-1440,1
288,-3337,127,-85,289,-1210,1
288,-3337,127,-85,289,-1208,1
288,-3337,127,-85,289,-1210,1
288,-3337,127,-85,289,-1210,1
288,-3337,127,-85,289,-1210,1
288,-3337,127,-85,289,-1210,1
288,-3337,127,-85,289,-1210,1
288,-3337,127,-85,289,-1210,1
288,-3337,127,-85,289,-1210,1
288,-3337,127,-85,289,-1210,1
288,-3337,127,-85,289,-1210,1
288,-3337,127,-85,289,-1210,1
288,-3337,127,-85,289,-1210,1
288,-3337,127,-85,289,-1210,1
288,-3337,127,-85,289,-1210,1
288,-3337,127,-85,289,-1210,1
288,-3337,127,-85,289,-1210,1
288,-3337,127,-85,289,-1210,1
288,-3337,127,-85,289,-1210,1
288,-3337,127,-85,289,-1210,1
288,-3337,127,-85,289,-1210,1
288,-3337,127,-85,289,-1210,1
288,-3337,127,-85,289,-1208,1
288,-3337,127,-85,289,-1210,1
288,-3337,127,-85,289,-1210,1
288,-3337,127,-85,289,-1210,1
288,-3337,127,-85,289,-1210,1
288,-3337,127,-85,289,-1210,1
288,-3337,127,-85,289,-1210,1
288,-3337,127,-85,289,-1210,1
288,-3337,127,-85,289,-1210,1
288,-3337,127,-85,289,-1210,1
288,-3337,127,-85,289,-1210,1
288,-3337,127,-85,289,-1210,1
288,-3337,127,-85,289,-1208,1
288,-3337,127,-85,289,-1208,1
288,-3337,127,-85,289,-1210,1
288,-3337,127,-85,289,-1210,1
288,-3337,127,-85,289,-1208,1
288,-3337,127,-85,289,-1210,1
288,-3337,127,-85,289,-1210,1
288,-3337,127,-85,289,-1210,1
288,-3337,127,-85,289,-1210,1
288,-3337,127,-85,289,-1210,1
288,-3337,127,-85,289,-1210,1
288,-3337,127,-85,289,-1210,1
288,-3337,127,-85,289,-1210,1
288,-3337,127,-85,289,-1210,1
288,-3337,127,-85,289,-1210,1
288,-3337,127,-85,289,-1210,1
288,-3337,127,-85,289,-1210,1
288,-3337,127,-85,289,-1210,1
288,-3337,127,-85,289,-1210,1
288,-3337,127,-85,289,-1210,1
288,-3337,127,-85,289,-1210,1
288,-3337,127,-85,289,-1210,1
288,-3337,127,-85,289,-1210,1
288,-3337,127,-85,289,-1210,1
288,-3337,127,-85,289,-1210,1
288,-3337,127,-85,289,-1210,1
288,-3337,127,-85,289,-1210,1
288,-3337,127,-85,289,-1210,1
288,-3337,127,-85,289,-1210,1
288,-3337,127,-85,289,-1210,1
288,-3337,127,-85,289,-1210,1
288,-3337,127,-85,289,-1210,1
288,-3337,127,-85,289,-1210,1
288,-3337,127,-85,289,-1210,1
288,-3337,127,-85,289,-1210,1
288,-3337,127,-85,289,-1210,1
288,-3337,127,-85,289,-1210,1
288,-3337,127,-85,289,-1210,1
288,-3337,127,-85,289,-1210,1
288,-3337,127,-85,289,-1210,1
288,-3337,127,-85,289,-1210,1
288,-3337,127,-85,289,-1210,1
288,-3337,127,-85,289,-1210,1
288,-3337,127,-85,289,-1210,1
288,-3337,127,-85,289,-1210,1
288,-3337,127,-85,289,-1210,1
288,-3337,127,-457,127,-85,1
288,-3337,127,-85,289,-1210,1
288,-3337,127,-85,289,-1210,1
288,-3337,127,-85,289,-1210,1
288,-3337,127,-85,289,-1210,1
288,-3337,127,-85,289,-1210,1
288,-3337,127,-85,289,-1210,1
288,-3337,127,-85,289,-1208,1
288,-3337,127,-85,289,-1210,1
288,-3337,127,-85,289,-1210,1
288,-3337,127,-85,289,-1210,1
288,-3337,127,-85,289,-1210,1
288,-3337,127,-85,289,-1210,1
288,-3337,127,-85,289,-1210,1
288,-3337,127,-85,289,-1210,1
288,-3337,127,-85,289,-1210,1
288,-3337,127,-85,289,-1210,1
288,-3337,127,-85,289,-1210,1
288,-3337,127,-85,289,-1210,1
288,-3337,127,-85,289,-1210,1
288,-3337,127,-85,289,-1210,1
288,-3337,127,-85,289,-1210,1
288,-3337,127,-85,289,-1210,1
288,-3337,127,-85,289,-1210,1
288,-3337,127,-85,289,-1210,1
288,-3337,127,-85,289,-1210,1
288,-3337,127,-85,289,-1210,1
288,-3337,127,-85,289,-1210,1
288,-3337,127,-85,289,-1210,1
288,-3337,127,-85,289,-1210,1
288,-3337,127,-85,289,-1210,1
288,-3337,127,-85,289,-1210,1
288,-3337,127,-85,289,-1210,1
288,-3337,127,-85,289,-1210,1
288,-3337,127,-85,289,-1210,1
288,-3337,127,-85,289,-1210,1
288,-3337,127,-85,289,-1210,1
288,-3337,127,-85,289,-1210,1
288,-3337,127,-85,289,-1210,1
288,-3337,127,-457,127,-85,1
288,-3337,127,-85,289,-1210,1
288,-3337,127,-85,289,-1210,1
288,-3337,127,-85,289,-1210,1
288,-3337,127,-85,289,-1210,1
288,-3337,127,-85,289,-1210,1
288,-3337,127,-85,289,-1210,1
288,-3337,127,-85,289,-1210,1
288,-3337,127,-85,289,-1210,1
288,-3337,127,-85,289,-1210,1
288,-3337,127,-85,289,-1210,1
288,-3337,127,-85,289,-1210,1
288,-3337,127,-85,289,-1210,1
288,-3337,127,-85,289,-1210,1
288,-3337,127,-85,289,-1210,1
288,-3337,127,-85,289,-1210,1
288,-3337,127,-85,289,-1210,1
288,-3337,127,-85,289,-1210,1
288,-3337,127,-85,289,-1210,1
288,-3337,127,-85,289,-1210,1
288,-3337,127,-85,289,-1210,1
288,-3337,127,-85,289,-1210,1
288,-3337,127,-85,289,-1210,1
288,-3337,127,-85,289,-1210,1
288,-3337,127,-85,289,-1210,1
288,-3337,127,-85,289,-1210,1
288,-3337,127,-85,289,-1210,1
288,-3337,127,-85,289,-1210,1
288,-3337,127,-85,289,-1210,1
288,-3337,127,-85,289,-1210,1
288,-3337,127,-85,289,-1210,1
288,-3337,127,-85,289,-1210,1
288,-3337,127,-85,289,-1210,1
288,-3337,127,-85,289,-1210,1
288,-3337,127,-85,289,-1206,1
288,-3337,127,-85,289,-1208,1
288,-3337,127,-85,289,-1210,1
288,-3337,127,-85,289,-1208,1
288,-3337,127,-85,289,-1210,1
288,-3337,127,-85,289,-1210,1
288,-3337,127,-85,289,-1210,1
288,-3337,127,-85,289,-1210,1
288,-3337,127,-85,289,-1210,1
288,-3337,127,-85,289,-1210,1
288,-3337,127,-85,289,-1440,1
288,-3337,127,-85,289,-1440,1
288,-3337,127,-85,289,-1440,1
288,-3337,127,-85,289,-1440,1
288,-3337,127,-85,289,-1440,1
288,-3337,127,-85,289,-1440,1
288,-3337,127,-85,289,-1440,1
288,-3337,127,-85,289,-1440,1
288,-3337,127,-85,289,-1440,1
288,-3337,127,-85,289,-1214,1
288,-3337,127,-85,289,-1440,1
288,-3337,127,-85,289,-1440,1
288,-3337,127,-85,289,-1440,1
288,-3337,127,-85,289,-1440,1
288,-3337,127,-85,289,-1440,1
288,-3337,127,-85,289,-1440,1
288,-3337,127,-85,289,-1440,1
288,-3337,127,-85,289,-1440,1
288,-3337,127,-85,289,-1440,1
288,-3337,127,-85,289,-1440,1
288,-3337,127,-85,289,-1440,1
288,-3337,127,-85,289,-1440,1
288,-3337,127,-85,289,-1440,1
288,-3337,127,-85,289,-1440,1
288,-3337,127,-457,127,-85,1
288,-3337,127,-85,289,-1440,1
288,-3337,127,-85,289,-1440,1
288,-3337,127,-85,289,-1440,1
288,-3337,127,-85,289,-1440,1
288,-3337,127,-85,289,-1440,1
288,-3337,127,-85,289,-1440,1
288,-3337,127,-85,289,-1440,1
288,-3337,127,-85,289,-1440,1
288,-3337,127,-85,289,-1440,1
288,-3337,127,-85,289,-1440,1
288,-3337,127,-85,289,-1440,1
288,-3337,127,-85,289,-1440,1
288,-3337,127,-85,289,-1440,1
288,-3337,127,-85,289,-1440,1
288,-3337,127,-85,289,-1440,1
288,-3337,127,-85,289,-1440,1
288,-3337,127,-85,289,-1440,1
288,-3337,127,-85,289,-1440,1
288,-3337,127,-85,289,-1440,1
288,-3337,127,-85,289,-1440,1
288,-3337,127,-85,289,-1440,1
288,-3337,127,-85,289,-1440,1
288,-3337,127,-85,289,-1440,1
288,-3337,127,-85,289,-1440,1
288,-3337,127,-85,289,-1440,1
288,-3337,127,-85,289,-1440,1
288,-3337,127,-85,289,-1440,1
288,-3337,127,-85,289,-1440,1
288,-3337,127,-85,289,-1440,1
288,-3337,127,-85,289,-1210,1
288,-3337,127,-85,289,-1210,1
288,-3337,127,-85,289,-1210,1
288,-3337,127,-85,289,-1210,1
288,-3337,127,-85,289,-1210,1
288,-3337,127,-85,289,-1210,1
288,-3337,127,-85,289,-1208,1
288,-3337,127,-85,289,-1210,1
288,-3337,127,-85,289,-1210,1
288,-3337,127,-85,289,-1208,1
288,-3337,127,-85,289,-1210,1
288,-3337,127,-85,289,-1210,1
288,-3337,127,-85,289,-1210,1
288,-3337,127,-85,289,-1210,1
288,-3337,127,-85,289,-1210,1
288,-3337,127,-85,289,-1210,1
288,-3337,127,-85,289,-1210,1
288,-3337,127,-85,289,-1210,1
288,-3337,127,-85,289,-1210,1
288,-3337,127,-85,289,-1210,1
288,-3337,127,-85,289,-1210,1
288,-3337,127,-85,289,-1210,1
288,-3337,127,-85,289,-1210,1
288,-3337,127,-85,289,-1210,1
288,-3337,127,-85,289,-1210,1
288,-3337,127,-85,289,-1210,1
288,-3337,127,-85,289,-1210,1
288,-3337,127,-85,289,-1210,1
288,-3337,127,-85,289,-1210,1
288,-3337,127,-85,289,-1210,1
288,-3337,127,-85,289,-1209,1
288,-3337,127,-85,289,-1210,1
288,-3337,127,-85,289,-1210,1
288,-3337,127,-85,289,-1210,1
288,-3337,127,-85,289,-1210,1
288,-3337,127,-85,289,-1210,1
288,-3337,127,-85,289,-1210,1
288,-3337,127,-85,289,-1210,1
288,-3337,127,-85,289,-1210,1
288,-3337,127,-85,289,-1210,1
288,-3337,127,-85,289,-1210,1
288,-3337,127,-85,289,-1210,1
288,-3337,127,-85,289,-1210,1
288,-3337,127,-85,289,-1210,1
288,-3337,127,-85,289,-1210,1
288,-3337,127,-85,289,-1210,1
288,-3337,127,-85,289,-1210,1
288,-3337,127,-85,289,-1210,1
288,-3337,127,-85,289,-1210,1
288,-3337,127,-85,289,-1210,1
288,-3337,127,-85,289,-1210,1
288,-3337,127,-85,289,-1210,1
288,-3337,127,-85,289,-1210,1
288,-3337,127,-85,289,-1210,1
288,-3337,127,-85,289,-1210,1
288,-3337,127,-85,289,-1210,1
288,-3337,127,-85,289,-1210,1
288,-3337,127,-85,289,-1210,1
288,-3337,127,-85,289,-1210,1
288,-3337,127,-85,289,-1210,1
288,-3337,127,-85,289,-1210,1
288,-3337,127,-85,289,-1210,1
288,-3337,127,-85,289,-1210,1
288,-3337,127,-85,289,-1210,1
288,-3337,127,-85,289,-1210,1
288,-3337,127,-85,289,-1210,1
288,-3337,127,-85,289,-1210,1
288,-3337,127,-85,289,-1210,1
288,-3337,127,-85,289,-1210,1
288,-3337,127,-85,289,-1210,1
288,-3337,127,-85,289,-1210,1
288,-3337,127,-85,289,-1210,1
288,-3337,127,-85,289,-1210,1
288,-3337,127,-85,289,-1210,1
288,-3337,127,-85,289,-1210,1
288,-3337,127,-85,289,-1210,1
288,-3337,127,-85,289,-1210,1
288,-3337,127,-85,289,-1210,1
288,-3337,127,-85,289,-1210,1
288,-3337,127,-85,289,-1210,1
288,-3337,127,-85,289,-1210,1
288,-3337,127,-85,289,-1210,1
288,-3337,127,-85,289,-1210,1
288,-3337,127,-85,289,-1210,1
288,-3337,127,-85,289,-1210,1
288,-3337,127,-85,289,-1210,1
288,-3337,127,-85,289,-1210,1
288,-3337,127,-85,289,-1210,1
288,-3337,127,-85,289,-1210,1
288,-3337,127,-85,289,-1210,1
288,-3337,127,-85,289,-1208,1
288,-3337,127,-85,289,-1210,1
288,-3337,127,-85,289,-1210,1
288,-3337,127,-85,289,-1210,1
288,-3337,127,-85,289,-1210,1
288,-3337,127,-85,289,-1210,1
288,-3337,127,-85,289,-1210,1
288,-3337,127,-85,289,-1210,1
288,-3337,127,-85,289,-1210,1
288,-3337,127,-85,289,-1210,1
288,-3337,127,-85,289,-1210,1
288,-3337,127,-85,289,-1210,1
288,-3337,127,-85,289,-1210,1
288,-3337,127,-85,289,-1210,1
288,-3337,127,-85,289,-1210,1
288,-3337,127,-85,289,-1210,1
288,-3337,127,-85,289,-1210,1
288,-3337,127,-85,289,-1210,1
288,-3337,127,-85,289,-1210,1
288,-3337,127,-85,289,-1210,1
288,-3337,127,-85,289,-1210,1
288,-3337,127,-85,289,-1209,1
288,-3337,127,-85,289,-1210,1
288,-3337,127,-85,289,-1210,1
288,-3337,127,-85,289,-1210,1
288,-3337,127,-85,289,-1210,1
288,-3337,127,-85,289,-1210,1
288,-3337,127,-85,289,-1210,1
288,-3337,127,-85,289,-1210,1
288,-3337,127,-85,289,-1210,1
288,-3337,127,-85,289,-1210,1
288,-3337,127,-85,289,-1210,1
288,-3337,127,-85,289,-1210,1
288,-3337,127,-85,289,-1210,1
288,-3337,127,-85,289,-1210,1
288,-3337,127,-85,289,-1210,1
288,-3337,127,-85,289,-1210,1
288,-3337,127,-85,289,-1210,1
288,-3337,127,-85,289,-1210,1
288,-3337,127,-85,289,-1210,1
288,-3337,127,-85,289,-1210,1
288,-3337,127,-85,289,-1210,1
288,-3337,127,-85,289,-1210,1
288,-3337,127,-85,289,-1210,1
288,-3337,127,-85,289,-1210,1
288,-3337,127,-85,289,-1210,1
288,-3337,127,-85,289,-1210,1
288,-3337,127,-85,289,-1210,1
288,-3337,127,-85,289,-1210,1
288,-3337,127,-85,289,-1210,1
288,-3337,127,-85,289,-1210,1
288,-3337,127,-85,289,-1210,1
288,-3337,127,-85,289,-1207,1
288,-3337,127,-85,289,-1210,1
288,-3337,127,-85,289,-1210,1
288,-3337,127,-85,289,-1210,1
288,-3337,127,-85,289,-1210,1
288,-3337,127,-85,289,-1208,1
288,-3337,127,-85,289,-1210,1
288,-3337,127,-85,289,-1210,1
288,-3337,127,-85,289,-1210,1
288,-3337,127,-85,289,-1210,1
288,-3337,127,-85,289,-1210,1
288,-3337,127,-85,289,-1210,1
288,-3337,127,-85,289,-1210,1
288,-3337,127,-85,289,-1210,1
288,-3337,127,-85,289,-1210,1
288,-3337,127,-85,289,-1210,1
288,-3337,127,-85,289,-1210,1
288,-3337,127,-85,289,-1210,1
288,-3337,127,-85,289,-1210,1
288,-3337,127,-85,289,-1210,1
288,-3337,127,-85,289,-1210,1
288,-3337,127,-85,289,-1210,1
288,-3337,127,-85,289,-1210,1
288,-3337,127,-85,289,-1210,1
288,-3337,127,-85,289,-1210,1
288,-3337,127,-85,289,-1210,1
288,-3337,127,-85,289,-1210,1
288,-3337,127,-85,289,-1210,1
288,-3337,127,-85,289,-1210,1
288,-3337,127,-85,289,-1210,1
288,-3337,127,-85,289,-1440,1
288,-3337,127,-85,289,-1440,1
288,-3337,127,-85,289,-1264,1
288,-3337,127,-85,289,-1440,1
288,-3337,127,-85,289,-1440,1
288,-3337,127,-85,289,-1440,1
288,-3337,127,-85,289,-1440,1
288,-3337,127,-85,289,-1440,1
288,-3337,127,-85,289,-1440,1
288,-3337,127,-85,289,-1440,1
288,-3337,127,-85,289,-1440,1
288,-3337,127,-85,289,-1440,1
288,-3337,127,-85,289,-1440,1
288,-3337,127,-85,289,-1440,1
288,-3337,127,-85,289,-1440,1
288,-3337,127,-85,289,-1264,1
288,-3337,127,-85,289,-1440,1
288,-3337,127,-85,289,-1440,1
288,-3337,127,-85,289,-1440,1
288,-3337,127,-85,289,-1440,1
288,-3337,127,-85,289,-1440,1
288,-3337,127,-85,289,-1440,1
288,-3337,127,-85,289,-1440,1
288,-3337,127,-85,289,-1440,1
288,-3337,127,-85,289,-1440,1
288,-3337,127,-85,289,-1440,1
288,-3337,127,-85,289,-1440,1
288,-3337,127,-85,289,-1440,1
288,-3337,127,-85,289,-1440,1
288,-3337,127,-85,289,-1440,1
288,-3337,127,-85,289,-1440,1
288,-3337,127,-85,289,-1440,1
288,-3337,127,-85,289,-1440,1
288,-3337,127,-85,289,-1440,1
288,-3337,127,-85,289,-1440,1
288,-3337,127,-85,289,-1440,1
288,-3337,127,-85,289,-1440,1
288,-3337,127,-85,289,-1440,1
288,-3337,127,-85,289,-1440,1
288,-3337,127,-85,289,-1440,1
288,-3337,127,-85,289,-1440,1
288,-3337,127,-85,289,-1440,1
288,-3337,127,-85,289,-1440,1
288,-3337,127,-85,289,-1440,1
288,-3337,127,-85,289,-1440,1
288,-3337,127,-85,289,-1440,1
288,-3337,127,-85,289,-1440,1
288,-3337,127,-85,289,-1440,1
288,-3337,127,-85,289,-1440,1
288,-3337,127,-85,289,-1440,1
288,-3337,127,-85,289,-1440,1
288,-3337,127,-85,289,-1440,1
288,-3337,127,-85,289,-1214,1
288,-3337,127,-85,289,-1440,1
288,-3337,127,-85,289,-1210,1
288,-3337,127,-85,289,-1210,1
288,-3337,127,-85,289,-1210,1
288,-3337,127,-85,289,-1208,1
288,-3337,127,-85,289,-1210,1
288,-3337,127,-85,289,-1210,1
288,-3337,127,-85,289,-1210,1
288,-3337,127,-85,289,-1210,1
288,-3337,127,-85,289,-1210,1
288,-3337,127,-85,289,-1210,1
288,-3337,127,-85,289,-1210,1
288,-3337,127,-85,289,-1210,1
288,-3337,127,-85,289,-1207,1
288,-3337,127,-85,289,-1210,1
288,-3337,127,-85,289,-1210,1
288,-3337,127,-85,289,-1210,1
288,-3337,127,-85,289,-1210,1
288,-3337,127,-85,289,-1210,1
288,-3337,127,-85,289,-1210,1
288,-3337,127,-85,289,-1210,1
288,-3337,127,-85,289,-1210,1
288,-3337,127,-85,289,-1210,1
288,-3337,127,-85,289,-1210,1
288,-3337,127,-85,289,-1210,1
288,-3337,127,-85,289,-1210,1
288,-3337,127,-85,289,-1210,1
288,-3337,127,-85,289,-1210,1
288,-3337,127,-85,289,-1210,1
288,-3337,127,-85,289,-1210,1
288,-3337,127,-85,289,-1210,1
288,-3337,127,-85,289,-1210,1
288,-3337,127,-85,289,-1210,1
288,-3337,127,-85,289,-1210,1
288,-3337,127,-85,289,-1210,1
288,-3337,127,-85,289,-1210,1
288,-3337,127,-85,289,-1210,1
288,-3337,127,-85,289,-1210,1
288,-3337,127,-85,289,-1210,1
288,-3337,127,-85,289,-1210,1
288,-3337,127,-85,289,-1210,1
288,-3337,127,-85,289,-1210,1
288,-3337,127,-85,289,-1210,1
288,-3337,127,-85,289,-1210,1
288,-3337,127,-85,289,-1210,1
288,-3337,127,-85,289,-1210,1
288,-3337,127,-85,289,-1210,1
288,-3337,127,-85,289,-1210,1
288,-3337,127,-85,289,-1210,1
288,-3337,127,-85,289,-1210,1
288,-3337,127,-85,289,-1210,1
288,-3337,127,-85,289,-1209,1
288,-3337,127,-85,289,-1210,1
288,-3337,127,-85,289,-1210,1
288,-3337,127,-85,289,-1210,1
288,-3337,127,-85,289,-1210,1
288,-3337,127,-85,289,-1210,1
288,-3337,127,-85,289,-1210,1
288,-3337,127,-85,289,-1210,1
288,-3337,127,-85,289,-1210,1
288,-3337,127,-85,289,-1210,1
288,-3337,127,-85,289,-1210,1
288,-3337,127,-85,289,-1208,1
288,-3337,127,-85,289,-1210,1
288,-3337,127,-85,289,-1210,1
288,-3337,127,-85,289,-1210,1
288,-3337,127,-85,289,-1210,1
288,-3337,127,-85,289,-1210,1
288,-3337,127,-85,289,-1210,1
288,-3337,127,-85,289,-1210,1
288,-3337,127,-85,289,-1210,1
288,-3337,127,-85,289,-1210,1
288,-3337,127,-85,289,-1210,1
288,-3337,127,-85,289,-1210,1
288,-3337,127,-85,289,-1209,1
288,-3337,127,-85,289,-1210,1
288,-3337,127,-85,289,-1210,1
288,-3337,127,-85,289,-1210,1
288,-3337,127,-85,289,-1210,1
288,-3337,127,-85,289,-1210,1
288,-3337,127,-85,289,-1210,1
288,-3337,127,-85,289,-1210,1
288,-3337,127,-85,289,-1210,1
288,-3337,127,-85,289,-1210,1
288,-3337,127,-85,289,-1210,1
288,-3337,127,-85,289,-1210,1
288,-3337,127,-85,289,-1210,1
288,-3337,127,-85,289,-1210,1
288,-3337,127,-85,289,-1210,1
288,-3337,127,-85,289,-1210,1
288,-3337,127,-85,289,-1210,1
288,-3337,127,-85,289,-1210,1
288,-3337,127,-85,289,-1210,1
288,-3337,127,-85,289,-1210,1
288,-3337,127,-85,289,-1210,1
288,-3337,127,-85,289,-1210,1
288,-3337,127,-85,289,-1210,1
288,-3337,127,-85,289,-1210,1
288,-3337,127,-85,289,-1210,1
288,-3337,127,-85,289,-1210,1
288,-3337,127,-85,289,-1210,1
288,-3337,127,-85,289,-1210,1
288,-3337,127,-85,289,-1210,1
288,-3337,127,-85,289,-1210,1
288,-3337,127,-85,289,-1210,1
288,-3337,127,-85,289,-1210,1
288,-3337,127,-85,289,-1210,1
288,-3337,127,-85,289,-1210,1
288,-3337,127,-85,289,-1210,1
288,-3337,127,-85,289,-1210,1
288,-3337,127,-85,289,-1210,1
288,-3337,127,-85,289,-1210,1
288,-3337,127,-85,289,-1210,1
288,-3337,127,-85,289,-1210,1
288,-3337,127,-85,289,-1210,1
288,-3337,127,-85,289,-1210,1
288,-3337,127,-85,289,-1210,1
288,-3337,127,-85,289,-1210,1
288,-3337,127,-85,289,-1210,1
288,-3337,127,-85,289,-1210,1
288,-3337,127,-85,289,-1210,1
288,-3337,127,-85,289,-1210,1
288,-3337,127,-85,289,-1210,1
288,-3337,127,-85,289,-1210,1
288,-3337,127,-85,289,-1210,1
288,-3337,127,-85,289,-1210,1
288,-3337,127,-85,289,-1210,1
288,-3337,127,-85,289,-1210,1
288,-3337,127,-85,289,-1210,1
288,-3337,127,-85,289,-1210,1
288,-3337,127,-85,289,-1210,1
288,-3337,127,-85,289,-1210,1
288,-3337,127,-85,289,-1210,1
288,-3337,127,-85,289,-1210,1
288,-3337,127,-85,289,-1210,1
288,-3337,127,-85,289,-1210,1
288,-3337,127,-85,289,-1210,1
288,-3337,127,-85,289,-1210,1
288,-3337,127,-85,289,-1210,1
288,-3337,127,-85,289,-1210,1
288,-3337,127,-85,289,-1210,1
288,-3337,127,-85,289,-1209,1
288,-3337,127,-85,289,-1210,1
288,-3337,127,-85,289,-1210,1
288,-3337,127,-85,289,-1210,1
288,-3337,127,-85,289,-1210,1
288,-3337,127,-85,289,-1210,1
288,-3337,127,-85,289,-1210,1
288,-3337,127,-85,289,-1210,1
288,-3337,127,-85,289,-1210,1
288,-3337,127,-85,289,-1210,1
288,-3337,127,-85,289,-1210,1
288,-3337,127,-85,289,-1210,1
288,-3337,127,-85,289,-1210,1
288,-3337,127,-85,289,-1210,1
288,-3337,127,-85,289,-1210,1
288,-3337,127,-85,289,-1210,1
288,-3337,127,-85,289,-1210,1
288,-3337,127,-85,289,-1210,1
288,-3337,127,-85,289,-1210,1
288,-3337,127,-85,289,-1210,1
288,-3337,127,-85,289,-1210,1
288,-3337,127,-85,289,-1210,1
288,-3337,127,-85,289,-1210,1
288,-3337,127,-85,289,-1210,1
288,-3337,127,-85,289,-1210,1
288,-3337,127,-85,289,-1210,1
288,-3337,127,-85,289,-1210,1
288,-3337,127,-85,289,-1210,1
288,-3337,127,-85,289,-1210,1
288,-3337,127,-85,289,-1210,1
288,-3337,127,-85,289,-1440,1
288,-3337,127,-85,289,-1440,1
288,-3337,127,-85,289,-1440,1
288,-3337,127,-85,289,-1089,1
288,-3337,127,-85,289,-1440,1
288,-3337,127,-85,289,-1440,1
288,-3337,127,-85,289,-1440,1
288,-3337,127,-85,289,-1440,1
288,-3337,127,-85,289,-1440,1
288,-3337,127,-85,289,-1440,1
288,-3337,127,-85,289,-1440,1
288,-3337,127,-85,289,-1440,1
288,-3337,127,-85,289,-1440,1
288,-3337,127,-85,289,-1440,1
288,-3337,127,-85,289,-1440,1
288,-3337,127,-85,289,-1440,1
288,-3337,127,-85,289,-1214,1
288,-3337,127,-85,289,-1440,1
288,-3337,127,-85,289,-1440,1
288,-3337,127,-85,289,-1440,1
288,-3337,127,-85,289,-1440,1
288,-3337,127,-85,289,-1440,1
288,-3337,127,-85,289,-1440,1
288,-3337,127,-85,289,-1440,1
288,-3337,127,-85,289,-1269,1
288,-3337,127,-85,289,-1440,1
288,-3337,127,-85,289,-1440,1
288,-3337,127,-85,289,-1440,1
288,-3337,127,-85,289,-1440,1
288,-3337,127,-85,289,-1440,1
288,-3337,127,-85,289,-1440,1
288,-3337,127,-85,289,-1440,1
288,-3337,127,-85,289,-1440,1
288,-3337,127,-85,289,-1440,1
288,-3337,127,-85,289,-1440,1
288,-3337,127,-85,289,-1440,1
288,-3337,127,-85,289,-1440,1
288,-3337,127,-85,289,-1440,1
288,-3337,127,-85,289,-1440,1
288,-3337,127,-85,289,-1440,1
288,-3337,127,-85,289,-1440,1
288,-3337,127,-85,289,-1440,1
288,-3337,127,-85,289,-1440,1
288,-3337,127,-85,289,-1440,1
288,-3337,127,-85,289,-1440,1
288,-3337,127,-85,289,-1114,1
288,-3337,127,-85,289,-1440,1
288,-3337,127,-85,289,-1440,1
288,-3337,127,-85,289,-1440,1
288,-3337,127,-85,289,-1440,1
288,-3337,127,-85,289,-1440,1
288,-3337,127,-85,289,-1440,1
288,-3337,127,-85,289,-1440,1
288,-3337,127,-85,289,-1440,1
288,-3337,127,-85,289,-1440,1
288,-3337,127,-85,289,-1440,1
288,-3337,127,-85,289,-1440,1
288,-3337,127,-85,289,-1440,1
288,-3337,127,-85,289,-1440,1
288,-3337,127,-85,289,-1440,1
288,-3337,127,-85,289,-1210,1
288,-3337,127,-85,289,-1210,1
288,-3337,127,-85,289,-1210,1
288,-3337,127,-85,289,-1210,1
288,-3337,127,-85,289,-1210,1
288,-3337,127,-85,289,-1210,1
288,-3337,127,-85,289,-1210,1
288,-3337,127,-85,289,-1210,1
288,-3337,127,-85,289,-1210,1
288,-3337,127,-85,289,-1210,1
288,-3337,127,-85,289,-1208,1
288,-3337,127,-85,289,-1208,1
288,-3337,127,-85,289,-1210,1
288,-3337,127,-85,289,-1210,1
288,-3337,127,-85,289,-1210,1
288,-3337,127,-85,289,-1210,1
288,-3337,127,-85,289,-1208,1
288,-3337,127,-85,289,-1210,1
288,-3337,127,-85,289,-1208,1
288,-3337,127,-85,289,-1210,1
288,-3337,127,-85,289,-1210,1
288,-3337,127,-85,289,-1210,1
288,-3337,127,-85,289,-1210,1
288,-3337,127,-85,289,-1210,1
288,-3337,127,-85,289,-1210,1
288,-3337,127,-85,289,-1210,1
288,-3337,127,-85,289,-1210,1
288,-3337,127,-85,289,-1210,1
288,-3337,127,-85,289,-1210,1
288,-3337,127,-85,289,-1210,1
288,-3337,127,-85,289,-1210,1
288,-3337,127,-85,289,-1210,1
288,-3337,127,-85,289,-1210,1
288,-3337,127,-85,289,-1210,1
288,-3337,127,-85,289,-1210,1
288,-3337,127,-85,289,-1210,1
288,-3337,127,-85,289,-1210,1
288,-3337,127,-85,289,-1210,1
288,-3337,127,-85,289,-1210,1
288,-3337,127,-85,289,-1210,1
288,-3337,127,-85,289,-1210,1
288,-3337,127,-85,289,-1210,1
288,-3337,127,-85,289,-1210,1
288,-3337,127,-85,289,-1210,1
288,-3337,127,-85,289,-1210,1
288,-3337,127,-85,289,-1210,1
288,-3337,127,-85,289,-1210,1
288,-3337,127,-85,289,-1210,1
288,-3337,127,-85,289,-1210,1
288,-3337,127,-85,289,-1210,1
288,-3337,127,-85,289,-1210,1
288,-3337,127,-85,289,-1210,1
288,-3337,127,-85,289,-1210,1
288,-3337,127,-85,289,-1210,1
288,-3337,127,-85,289,-1210,1
288,-3337,127,-85,289,-1210,1
288,-3337,127,-85,289,-1210,1
288,-3337,127,-85,289,-1210,1
288,-3337,127,-85,289,-1210,1
288,-3337,127,-85,289,-1210,1
288,-3337,127,-85,289,-1210,1
288,-3337,127,-85,289,-1210,1
288,-3337,127,-85,289,-1210,1
288,-3337,127,-85,289,-1210,1
288,-3337,127,-85,289,-1210,1
288,-3337,127,-85,289,-1210,1
288,-3337,127,-85,289,-1210,1
288,-3337,127,-85,289,-1210,1
288,-3337,127,-85,289,-1210,1
288,-3337,127,-85,289,-1210,1
288,-3337,127,-85,289,-1210,1
288,-3337,127,-85,289,-1210,1
288,-3337,127,-85,289,-1210,1
288,-3337,127,-85,289,-1210,1
288,-3337,127,-85,289,-1210,1
288,-3337,127,-85,289,-1210,1
288,-3337,127,-85,289,-1210,1
288,-3337,127,-85,289,-1210,1
288,-3337,127,-85,289,-1210,1
288,-3337,127,-85,289,-1210,1
288,-3337,127,-85,289,-1210,1
288,-3337,127,-85,289,-1210,1
288,-3337,127,-85,289,-1210,1
288,-3337,127,-85,289,-1208,1
288,-3337,127,-85,289,-1208,1
288,-3337,127,-85,289,-1210,1
